1,Bulbasaur,Grass,Poison,Overgrow,,Chlorophyll,0.7,6.9,45,49,49,65,65,45,
2,Ivysaur,Grass,Poison,Overgrow,,Chlorophyll,1,13,60,62,63,80,80,60,
3,Venusaur,Grass,Poison,Overgrow,,Chlorophyll,2,100,80,82,83,100,100,80,
,Mega Venusaur,Grass,Poison,Thick Fat,,,2.4,155.5,80,100,123,122,120,80,
4,Charmander,Fire,,Blaze,,Solar Power,0.6,8.5,39,52,43,60,50,65,
5,Charmeleon,Fire,,Blaze,,Solar Power,1.1,19,58,64,58,80,65,80,
6,Charizard,Fire,Flying,Blaze,,Solar Power,1.7,90.5,78,84,78,109,85,100,
,Mega Charizard X,Fire,Dragon,Tough Claws,,,1.7,110.5,78,130,111,130,85,100,
,Mega Charizard Y,Fire,Flying,Drought,,,1.7,100.5,78,104,78,159,115,100,
7,Squirtle,Water,,Torrent,,Rain Dish,0.5,9,44,48,65,50,64,43,
8,Wartortle,Water,,Torrent,,Rain Dish,1,22.5,59,63,80,65,80,58,
9,Blastoise,Water,,Torrent,,Rain Dish,1.6,85.5,79,83,100,85,105,78,
,Mega Blastoise,Water,,Mega Launcher,,,1.6,101.1,79,103,120,135,115,78,
10,Caterpie,Bug,,Shield Dust,,Run Away,0.3,2.9,45,30,35,20,20,45,
11,Metapod,Bug,,Shed Skin,,,0.7,9.9,50,20,55,25,25,30,
12,Butterfree,Bug,Flying,Compound Eyes,,Tinted Lens,1.1,32,60,45,50,90,80,70,
13,Weedle,Bug,Poison,Shield Dust,,Run Away,0.3,3.2,40,35,30,20,20,50,
14,Kakuna,Bug,Poison,Shed Skin,,,0.6,10,45,25,50,25,25,35,
15,Beedrill,Bug,Poison,Swarm,,Sniper,1,29.5,65,90,40,45,80,75,
,Mega Beedrill,Bug,Poison,Adaptability,,,1.4,40.5,65,150,40,15,80,145,
16,Pidgey,Normal,Flying,Keen Eye,Tangled Feet,Big Pecks,0.3,1.8,40,45,40,35,35,56,
17,Pidgeotto,Normal,Flying,Keen Eye,Tangled Feet,Big Pecks,1.1,30,63,60,55,50,50,71,
18,Pidgeot,Normal,Flying,Keen Eye,Tangled Feet,Big Pecks,1.5,39.5,83,80,75,70,70,101,
,Mega Pidgeot,Normal,Flying,No Guard,,,2.2,50.5,83,80,80,135,80,121,
19,Rattata,Normal,,Run Away,Guts,Hustle,0.3,3.5,30,56,35,25,35,72,
,Rattata-Alola,Dark,Normal,Gluttony,Hustle,Thick Fat,0.3,3.8,30,56,35,25,35,72,
20,Raticate,Normal,,Run Away,Guts,Hustle,0.7,18.5,55,81,60,50,70,97,
,Raticate-Alola,Dark,Normal,Gluttony,Hustle,Thick Fat,0.7,25.5,75,71,70,40,80,77,
21,Spearow,Normal,Flying,Keen Eye,,Sniper,0.3,2,40,60,30,31,31,70,
22,Fearow,Normal,Flying,Keen Eye,,Sniper,1.2,38,65,90,65,61,61,100,
23,Ekans,Poison,,Intimidate,Shed Skin,Unnerve,2,6.9,35,60,44,40,54,55,
24,Arbok,Poison,,Intimidate,Shed Skin,Unnerve,3.5,65,60,95,69,65,79,80,
25,Pikachu,Electric,,Static,,Lightning Rod,0.4,6,35,55,40,50,50,90,
26,Raichu,Electric,,Static,,Lightning Rod,0.8,30,60,90,55,90,80,110,
,Raichu-Alola,Electric,Psychic,Surge Surfer,,,0.7,21,60,85,50,95,85,110,
27,Sandshrew,Ground,,Sand Veil,,Sand Rush,0.6,12,50,75,85,20,30,40,
,Sandshrew-Alola,Ice,Steel,Snow Cloak,,Slush Rush,0.7,40,50,75,90,10,35,40,
28,Sandslash,Ground,,Sand Veil,,Sand Rush,1,29.5,75,100,110,45,55,65,
,Sandslash-Alola,Ice,Steel,Snow Cloak,,Slush Rush,1.2,55,75,100,120,25,65,65,
29,Nidoran-female,Poison,,Poison Point,Rivalry,Hustle,0.4,7,55,47,52,40,40,41,0
30,Nidorina,Poison,,Poison Point,Rivalry,Hustle,0.8,20,70,62,67,55,55,56,0
31,Nidoqueen,Poison,Ground,Poison Point,Rivalry,Sheer Force,1.3,60,90,92,87,75,85,76,0
32,Nidoran-male,Poison,,Poison Point,Rivalry,Hustle,0.5,9,46,57,40,40,40,50,1
33,Nidorino,Poison,,Poison Point,Rivalry,Hustle,0.9,19.5,61,72,57,55,55,65,1
34,Nidoking,Poison,Ground,Poison Point,Rivalry,Sheer Force,1.4,62,81,102,77,85,75,85,1
35,Clefairy,Fairy,,Cute Charm,Magic Guard,Friend Guard,0.6,7.5,70,45,48,60,65,35,
36,Clefable,Fairy,,Cute Charm,Magic Guard,Unaware,1.3,40,95,70,73,95,90,60,
37,Vulpix,Fire,,Flash Fire,,Drought,0.6,9.9,38,41,40,50,65,65,
,Vulpix-Alola,Ice,,Snow Cloak,,Snow Warning,0.6,9.9,38,41,40,50,65,65,
38,Ninetales,Fire,,Flash Fire,,Drought,1.1,19.9,73,76,75,81,100,100,
,Ninetales-Alola,Ice,Fairy,Snow Cloak,,Snow Warning,1.1,19.9,73,67,75,81,100,109,
39,Jigglypuff,Normal,Fairy,Cute Charm,Competitive,Friend Guard,0.5,5.5,115,45,20,45,25,20,
40,Wigglytuff,Normal,Fairy,Cute Charm,Competitive,Frisk,1,12,140,70,45,85,50,45,
41,Zubat,Poison,Flying,Inner Focus,,Infiltrator,0.8,7.5,40,45,35,30,40,55,
42,Golbat,Poison,Flying,Inner Focus,,Infiltrator,1.6,55,75,80,70,65,75,90,
43,Oddish,Grass,Poison,Chlorophyll,,Run Away,0.5,5.4,45,50,55,75,65,30,
44,Gloom,Grass,Poison,Chlorophyll,,Stench,0.8,8.6,60,65,70,85,75,40,
45,Vileplume,Grass,Poison,Chlorophyll,,Effect Spore,1.2,18.6,75,80,85,110,90,50,
46,Paras,Bug,Grass,Effect Spore,Dry Skin,Damp,0.3,5.4,35,70,55,45,55,25,
47,Parasect,Bug,Grass,Effect Spore,Dry Skin,Damp,1,29.5,60,95,80,60,80,30,
48,Venonat,Bug,Poison,Compound Eyes,Tinted Lens,Run Away,1,30,60,55,50,40,55,45,
49,Venomoth,Bug,Poison,Shield Dust,Tinted Lens,Wonder Skin,1.5,12.5,70,65,60,90,75,90,
50,Diglett,Ground,,Sand Veil,Arena Trap,Sand Force,0.2,0.8,10,55,25,35,45,95,
,Diglett-Alola,Ground,Steel,Sand Veil,Tangling Hair,Sand Force,0.2,1,10,55,30,35,45,90,
51,Dugtrio,Ground,,Sand Veil,Arena Trap,Sand Force,0.7,33.3,35,100,50,50,70,120,
,Dugtrio-Alola,Ground,Steel,Sand Veil,Tangling Hair,Sand Force,0.7,66.6,35,100,60,50,70,110,
52,Meowth,Normal,,Pickup,Technician,Unnerve,0.4,4.2,40,45,35,40,40,90,
,Meowth-Alola,Dark,,Pickup,Technician,Rattled,0.4,4.2,40,35,35,50,40,90,
,Meowth-Galar,Steel,,Pickup,Tough Claws,Unnerve,0.4,7.5,50,65,55,40,40,40,
53,Persian,Normal,,Limber,Technician,Unnerve,1,32,65,70,60,65,65,115,
,Persian-Alola,Dark,,Fur Coat,Technician,Rattled,1.1,33,65,60,60,75,65,115,
54,Psyduck,Water,,Damp,Cloud Nine,Swift Swim,0.8,19.6,50,52,48,65,50,55,
55,Golduck,Water,,Damp,Cloud Nine,Swift Swim,1.7,76.6,80,82,78,95,80,85,
56,Mankey,Fighting,,Vital Spirit,Anger Point,Defiant,0.5,28,40,80,35,35,45,70,
57,Primeape,Fighting,,Vital Spirit,Anger Point,Defiant,1,32,65,105,60,60,70,95,
58,Growlithe,Fire,,Intimidate,Flash Fire,Justified,0.7,19,55,70,45,70,50,60,
,Growlithe-Hisui,Fire,Rock,Intimidate,Flash Fire,Rock Head,0.8,22.7,60,75,45,65,50,55,
59,Arcanine,Fire,,Intimidate,Flash Fire,Justified,1.9,155,90,110,80,100,80,95,
,Arcanine-Hisui,Fire,Rock,Intimidate,Flash Fire,Rock Head,2,168,95,115,80,95,80,90,
60,Poliwag,Water,,Water Absorb,Damp,Swift Swim,0.6,12.4,40,50,40,40,40,90,
61,Poliwhirl,Water,,Water Absorb,Damp,Swift Swim,1,20,65,65,65,50,50,90,
62,Poliwrath,Water,Fighting,Water Absorb,Damp,Swift Swim,1.3,54,90,95,95,70,90,70,
63,Abra,Psychic,,Synchronize,Inner Focus,Magic Guard,0.9,19.5,25,20,15,105,55,90,
64,Kadabra,Psychic,,Synchronize,Inner Focus,Magic Guard,1.3,56.5,40,35,30,120,70,105,
65,Alakazam,Psychic,,Synchronize,Inner Focus,Magic Guard,1.5,48,55,50,45,135,95,120,
,Mega Alakazam,Psychic,,Trace,,,1.2,48,55,50,65,175,105,150,
66,Machop,Fighting,,Guts,No Guard,Steadfast,0.8,19.5,70,80,50,35,35,35,
67,Machoke,Fighting,,Guts,No Guard,Steadfast,1.5,70.5,80,100,70,50,60,45,
68,Machamp,Fighting,,Guts,No Guard,Steadfast,1.6,130,90,130,80,65,85,55,
69,Bellsprout,Grass,Poison,Chlorophyll,,Gluttony,0.7,4,50,75,35,70,30,40,
70,Weepinbell,Grass,Poison,Chlorophyll,,Gluttony,1,6.4,65,90,50,85,45,55,
71,Victreebel,Grass,Poison,Chlorophyll,,Gluttony,1.7,15.5,80,105,65,100,70,70,
72,Tentacool,Water,Poison,Clear Body,Liquid Ooze,Rain Dish,0.9,45.5,40,40,35,50,100,70,
73,Tentacruel,Water,Poison,Clear Body,Liquid Ooze,Rain Dish,1.6,55,80,70,65,80,120,100,
74,Geodude,Rock,Ground,Rock Head,Sturdy,Sand Veil,0.4,20,40,80,100,30,30,20,
,Geodude-Alola,Rock,Electric,Magnet Pull,Sturdy,Galvanize,0.4,20.3,40,80,100,30,30,20,
75,Graveler,Rock,Ground,Rock Head,Sturdy,Sand Veil,1,105,55,95,115,45,45,35,
,Graveler-Alola,Rock,Electric,Magnet Pull,Sturdy,Galvanize,1,110,55,95,115,45,45,35,
76,Golem,Rock,Ground,Rock Head,Sturdy,Sand Veil,1.4,300,80,120,130,55,65,45,
,Golem-Alola,Rock,Electric,Magnet Pull,Sturdy,Galvanize,1.7,316,80,120,130,55,65,45,
77,Ponyta,Fire,,Run Away,Flash Fire,Flame Body,1,30,50,85,55,65,65,90,
,Ponyta-Galar,Psychic,,Run Away,Pastel Veil,Anticipation,0.8,24,50,85,55,65,65,90,
78,Rapidash,Fire,,Run Away,Flash Fire,Flame Body,1.7,95,65,100,70,80,80,105,
,Rapidash-Galar,Psychic,Fairy,Run Away,Pastel Veil,Anticipation,1.7,80,65,100,70,80,80,105,
79,Slowpoke,Water,Psychic,Oblivious,Own Tempo,Regenerator,1.2,36,90,65,65,40,40,15,
,Slowpoke-Galar,Psychic,,Gluttony,Own Tempo,Regenerator,1.2,36,90,65,65,40,40,15,
80,Slowbro,Water,Psychic,Oblivious,Own Tempo,Regenerator,1.6,78.5,95,75,110,100,80,30,
,Mega Slowbro,Water,Psychic,Shell Armor,,,2,120,95,75,180,130,80,30,
,Slowbro-Galar,Poison,Psychic,Quick Draw,Own Tempo,Regenerator,1.6,70.5,95,100,95,100,70,30,
81,Magnemite,Electric,Steel,Magnet Pull,Sturdy,Analytic,0.3,6,25,35,70,95,55,45,2
82,Magneton,Electric,Steel,Magnet Pull,Sturdy,Analytic,1,60,50,60,95,120,70,70,2
83,Farfetch'd,Normal,Flying,Keen Eye,Inner Focus,Defiant,0.8,15,52,90,55,58,62,60,
,Farfetch'd-Galar,Fighting,,Steadfast,,Scrappy,0.8,42,52,95,55,58,62,55,
84,Doduo,Normal,Flying,Run Away,Early Bird,Tangled Feet,1.4,39.2,35,85,45,35,35,75,
85,Dodrio,Normal,Flying,Run Away,Early Bird,Tangled Feet,1.8,85.2,60,110,70,60,60,110,
86,Seel,Water,,Thick Fat,Hydration,Ice Body,1.1,90,65,45,55,45,70,45,
87,Dewgong,Water,Ice,Thick Fat,Hydration,Ice Body,1.7,120,90,70,80,70,95,70,
88,Grimer,Poison,,Stench,Sticky Hold,Poison Touch,0.9,30,80,80,50,40,50,25,
,Grimer-Alola,Poison,Dark,Poison Touch,Gluttony,Power of Alchemy,0.7,42,80,80,50,40,50,25,
89,Muk,Poison,,Stench,Sticky Hold,Poison Touch,1.2,30,105,105,75,65,100,50,
,Muk-Alola,Poison,Dark,Poison Touch,Gluttony,Power of Alchemy,1,52,105,105,75,65,100,50,
90,Shellder,Water,,Shell Armor,Skill Link,Overcoat,0.3,4,30,65,100,45,25,40,
91,Cloyster,Water,Ice,Shell Armor,Skill Link,Overcoat,1.5,132.5,50,95,180,85,45,70,
92,Gastly,Ghost,Poison,Levitate,,,1.3,0.1,30,35,30,100,35,80,
93,Haunter,Ghost,Poison,Levitate,,,1.6,0.1,45,50,45,115,55,95,
94,Gengar,Ghost,Poison,Cursed Body,,,1.5,40.5,60,65,60,130,75,110,
,Mega Gengar,Ghost,Poison,Shadow Tag,,,1.4,40.5,60,65,80,170,95,130,
95,Onix,Rock,Ground,Rock Head,Sturdy,Weak Armor,8.8,210,35,45,160,30,45,70,
96,Drowzee,Psychic,,Insomnia,Forewarn,Inner Focus,1,32.4,60,48,45,43,90,42,
97,Hypno,Psychic,,Insomnia,Forewarn,Inner Focus,1.6,75.6,85,73,70,73,115,67,
98,Krabby,Water,,Hyper Cutter,Shell Armor,Sheer Force,0.4,6.5,30,105,90,25,25,50,
99,Kingler,Water,,Hyper Cutter,Shell Armor,Sheer Force,1.3,60,55,130,115,50,50,75,
100,Voltorb,Electric,,Soundproof,Static,Aftermath,0.5,10.4,40,30,50,55,55,100,2
,Voltorb-Hisui,Electric,Grass,Soundproof,Static,Aftermath,0.5,13,40,30,50,55,55,100,2
101,Electrode,Electric,,Soundproof,Static,Aftermath,1.2,66.6,60,50,70,80,80,150,2
,Electrode-Hisui,Electric,Grass,Soundproof,Static,Aftermath,1.2,71,60,50,70,80,80,150,2
102,Exeggcute,Grass,Psychic,Chlorophyll,,Harvest,0.4,2.5,60,40,80,60,45,40,
103,Exeggutor,Grass,Psychic,Chlorophyll,,Harvest,2,120,95,95,85,125,75,55,
,Exeggutor-Alola,Grass,Dragon,Frisk,,Harvest,10.9,415.6,95,105,85,125,75,45,
104,Cubone,Ground,,Rock Head,Lightning Rod,Battle Armor,0.4,6.5,50,50,95,40,50,35,
105,Marowak,Ground,,Rock Head,Lightning Rod,Battle Armor,1,45,60,80,110,50,80,45,
,Marowak-Alola,Fire,Ghost,Cursed Body,Lightning Rod,Rock Head,1,34,60,80,110,50,80,45,
106,Hitmonlee,Fighting,,Limber,Reckless,Unburden,1.5,49.8,50,120,53,35,110,87,1
107,Hitmonchan,Fighting,,Keen Eye,Iron Fist,Inner Focus,1.4,50.2,50,105,79,35,110,76,1
108,Lickitung,Normal,,Own Tempo,Oblivious,Cloud Nine,1.2,65.5,90,55,75,60,75,30,
109,Koffing,Poison,,Levitate,Neutralizing Gas,Stench,0.6,1,40,65,95,60,45,35,
110,Weezing,Poison,,Levitate,Neutralizing Gas,Stench,1.2,9.5,65,90,120,85,70,60,
,Weezing-Galar,Poison,Fairy,Levitate,Neutralizing Gas,Misty Surge,3,16,65,90,120,85,70,60,
111,Rhyhorn,Ground,Rock,Lightning Rod,Rock Head,Reckless,1,115,80,85,95,30,30,25,
112,Rhydon,Ground,Rock,Lightning Rod,Rock Head,Reckless,1.9,120,105,130,120,45,45,40,
113,Chansey,Normal,,Natural Cure,Serene Grace,Healer,1.1,34.6,250,5,5,35,105,50,0
114,Tangela,Grass,,Chlorophyll,Leaf Guard,Regenerator,1,35,65,55,115,100,40,60,
115,Kangaskhan,Normal,,Early Bird,Scrappy,Inner Focus,2.2,80,105,95,80,40,80,90,0
,Mega Kangaskhan,Normal,,Parental Bond,,,2.2,100,105,125,100,60,100,100,0
116,Horsea,Water,,Swift Swim,Sniper,Damp,0.4,8,30,40,70,70,25,60,
117,Seadra,Water,,Poison Point,Sniper,Damp,1.2,25,55,65,95,95,45,85,
118,Goldeen,Water,,Swift Swim,Water Veil,Lightning Rod,0.6,15,45,67,60,35,50,63,
119,Seaking,Water,,Swift Swim,Water Veil,Lightning Rod,1.3,39,80,92,65,65,80,68,
120,Staryu,Water,,Illuminate,Natural Cure,Analytic,0.8,34.5,30,45,55,70,55,85,2
121,Starmie,Water,Psychic,Illuminate,Natural Cure,Analytic,1.1,80,60,75,85,100,85,115,2
122,Mr. Mime,Psychic,Fairy,Soundproof,Filter,Technician,1.3,54.5,40,45,65,100,120,90,
,Mr. Mime-Galar,Ice,Psychic,Vital Spirit,Screen Cleaner,Ice Body,1.4,56.8,50,65,65,90,90,100,
123,Scyther,Bug,Flying,Swarm,Technician,Steadfast,1.5,56,70,110,80,55,80,105,
124,Jynx,Ice,Psychic,Oblivious,Forewarn,Dry Skin,1.4,40.6,65,50,35,115,95,95,0
125,Electabuzz,Electric,,Static,,Vital Spirit,1.1,30,65,83,57,95,85,105,
126,Magmar,Fire,,Flame Body,,Vital Spirit,1.3,44.5,65,95,57,100,85,93,
127,Pinsir,Bug,,Hyper Cutter,Mold Breaker,Moxie,1.5,55,65,125,100,55,70,85,
,Mega Pinsir,Bug,Flying,Aerilate,,,1.7,59,65,155,120,65,90,105,
128,Tauros,Normal,,Intimidate,Anger Point,Sheer Force,1.4,88.4,75,100,95,40,70,110,1
,Tauros-Combat,Fighting,,Intimidate,Anger Point,Cud Chew,1.4,115,75,110,105,30,70,100,1
,Tauros-Blaze,Fighting,Fire,Intimidate,Anger Point,Cud Chew,1.4,85,75,110,105,30,70,100,1
,Tauros-Aqua,Fighting,Water,Intimidate,Anger Point,Cud Chew,1.4,110,75,110,105,30,70,100,1
129,Magikarp,Water,,Swift Swim,,Rattled,0.9,10,20,10,55,15,20,80,
130,Gyarados,Water,Flying,Intimidate,,Moxie,6.5,235,95,125,79,60,100,81,
,Mega Gyarados,Water,Dark,Mold Breaker,,,6.5,305,95,155,109,70,130,81,
131,Lapras,Water,Ice,Water Absorb,Shell Armor,Hydration,2.5,220,130,85,80,85,95,60,
132,Ditto,Normal,,Limber,,Imposter,0.3,4,48,48,48,48,48,48,2
133,Eevee,Normal,,Run Away,Adaptability,Anticipation,0.3,6.5,55,55,50,45,65,55,
134,Vaporeon,Water,,Water Absorb,,Hydration,1,29,130,65,60,110,95,65,
135,Jolteon,Electric,,Volt Absorb,,Quick Feet,0.8,24.5,65,65,60,110,95,130,
136,Flareon,Fire,,Flash Fire,,Guts,0.9,25,65,130,60,95,110,65,
137,Porygon,Normal,,Trace,Download,Analytic,0.8,36.5,65,60,70,85,75,40,2
138,Omanyte,Rock,Water,Swift Swim,Shell Armor,Weak Armor,0.4,7.5,35,40,100,90,55,35,
139,Omastar,Rock,Water,Swift Swim,Shell Armor,Weak Armor,1,35,70,60,125,115,70,55,
140,Kabuto,Rock,Water,Swift Swim,Battle Armor,Weak Armor,0.5,11.5,30,80,90,55,45,55,
141,Kabutops,Rock,Water,Swift Swim,Battle Armor,Weak Armor,1.3,40.5,60,115,105,65,70,80,
142,Aerodactyl,Rock,Flying,Rock Head,Pressure,Unnerve,1.8,59,80,105,65,60,75,130,
,Mega Aerodactyl,Rock,Flying,Tough Claws,,,2.1,79,80,135,85,70,95,150,
143,Snorlax,Normal,,Immunity,Thick Fat,Gluttony,2.1,460,160,110,65,65,110,30,
144,Articuno,Ice,Flying,Pressure,,Snow Cloak,1.7,55.4,90,85,100,95,125,85,2
,Articuno-Galar,Psychic,Flying,Competitive,,,1.7,50.9,90,85,85,125,100,95,2
145,Zapdos,Electric,Flying,Pressure,,Static,1.6,52.6,90,90,85,125,90,100,2
,Zapdos-Galar,Fighting,Flying,Defiant,,,1.6,58.2,90,125,90,85,90,100,2
146,Moltres,Fire,Flying,Pressure,,Flame Body,2,60,90,100,90,125,85,90,2
,Moltres-Galar,Dark,Flying,Berserk,,,2,66,90,85,90,100,125,90,2
147,Dratini,Dragon,,Shed Skin,,Marvel Scale,1.8,3.3,41,64,45,50,50,50,
148,Dragonair,Dragon,,Shed Skin,,Marvel Scale,4,16.5,61,84,65,70,70,70,
149,Dragonite,Dragon,Flying,Inner Focus,,Multiscale,2.2,210,91,134,95,100,100,80,
150,Mewtwo,Psychic,,Pressure,,Unnerve,2,122,106,110,90,154,90,130,2
,Mega Mewtwo X,Psychic,Fighting,Steadfast,,,2.3,127,106,190,100,154,100,130,2
,Mega Mewtwo Y,Psychic,,Insomnia,,,1.5,33,106,150,70,194,120,140,2
151,Mew,Psychic,,Synchronize,,,0.4,4,100,100,100,100,100,100,2
152,Chikorita,Grass,,Overgrow,,Leaf Guard,0.9,6.4,45,49,65,49,65,45,
153,Bayleef,Grass,,Overgrow,,Leaf Guard,1.2,15.8,60,62,80,63,80,60,
154,Meganium,Grass,,Overgrow,,Leaf Guard,1.8,100.5,80,82,100,83,100,80,
155,Cyndaquil,Fire,,Blaze,,Flash Fire,0.5,7.9,39,52,43,60,50,65,
156,Quilava,Fire,,Blaze,,Flash Fire,0.9,19,58,64,58,80,65,80,
157,Typhlosion,Fire,,Blaze,,Flash Fire,1.7,79.5,78,84,78,109,85,100,
,Typhlosion-Hisui,Fire,Ghost,Blaze,,Frisk,1.6,69.8,73,84,78,119,85,95,
158,Totodile,Water,,Torrent,,Sheer Force,0.6,9.5,50,65,64,44,48,43,
159,Croconaw,Water,,Torrent,,Sheer Force,1.1,25,65,80,80,59,63,58,
160,Feraligatr,Water,,Torrent,,Sheer Force,2.3,88.8,85,105,100,79,83,78,
161,Sentret,Normal,,Run Away,Keen Eye,Frisk,0.8,6,35,46,34,35,45,20,
162,Furret,Normal,,Run Away,Keen Eye,Frisk,1.8,32.5,85,76,64,45,55,90,
163,Hoothoot,Normal,Flying,Insomnia,Keen Eye,Tinted Lens,0.7,21.2,60,30,30,36,56,50,
164,Noctowl,Normal,Flying,Insomnia,Keen Eye,Tinted Lens,1.6,40.8,100,50,50,86,96,70,
165,Ledyba,Bug,Flying,Swarm,Early Bird,Rattled,1,10.8,40,20,30,40,80,55,
166,Ledian,Bug,Flying,Swarm,Early Bird,Iron Fist,1.4,35.6,55,35,50,55,110,85,
167,Spinarak,Bug,Poison,Swarm,Insomnia,Sniper,0.5,8.5,40,60,40,40,40,30,
168,Ariados,Bug,Poison,Swarm,Insomnia,Sniper,1.1,33.5,70,90,70,60,70,40,
169,Crobat,Poison,Flying,Inner Focus,,Infiltrator,1.8,75,85,90,80,70,80,130,
170,Chinchou,Water,Electric,Volt Absorb,Illuminate,Water Absorb,0.5,12,75,38,38,56,56,67,
171,Lanturn,Water,Electric,Volt Absorb,Illuminate,Water Absorb,1.2,22.5,125,58,58,76,76,67,
172,Pichu,Electric,,Static,,Lightning Rod,0.3,2,20,40,15,35,35,60,
173,Cleffa,Fairy,,Cute Charm,Magic Guard,Friend Guard,0.3,3,50,25,28,45,55,15,
174,Igglybuff,Normal,Fairy,Cute Charm,Competitive,Friend Guard,0.3,1,90,30,15,40,20,15,
175,Togepi,Fairy,,Hustle,Serene Grace,Super Luck,0.3,1.5,35,20,65,40,65,20,
176,Togetic,Fairy,Flying,Hustle,Serene Grace,Super Luck,0.6,3.2,55,40,85,80,105,40,
177,Natu,Psychic,Flying,Synchronize,Early Bird,Magic Bounce,0.2,2,40,50,45,70,45,70,
178,Xatu,Psychic,Flying,Synchronize,Early Bird,Magic Bounce,1.5,15,65,75,70,95,70,95,
179,Mareep,Electric,,Static,,Plus,0.6,7.8,55,40,40,65,45,35,
180,Flaaffy,Electric,,Static,,Plus,0.8,13.3,70,55,55,80,60,45,
181,Ampharos,Electric,,Static,,Plus,1.4,61.5,90,75,85,115,90,55,
,Mega Ampharos,Electric ,Dragon,Mold Breaker,,,1.4,61.5,90,95,105,165,110,45,
182,Bellossom,Grass,,Chlorophyll,,Healer,0.4,5.8,75,80,95,90,100,50,
183,Marill,Water,Fairy,Thick Fat,Huge Power,Sap Sipper,0.4,8.5,70,20,50,20,50,40,
184,Azumarill,Water,Fairy,Thick Fat,Huge Power,Sap Sipper,0.8,28.5,100,500,80,60,80,50,
185,Sudowoodo,Rock,,Sturdy,Rock Head,Rattled,1.2,38,70,100,115,30,65,30,
186,Politoed,Water,,Water Absorb,Damp,Drizzle,1.1,33.9,90,75,75,90,100,70,
187,Hoppip,Grass,Flying,Chlorophyll,Leaf Guard,Infiltrator,0.4,0.5,35,35,40,35,55,50,
188,Skiploom,Grass,Flying,Chlorophyll,Leaf Guard,Infiltrator,0.6,1,55,45,50,45,65,80,
189,Jumpluff,Grass,Flying,Chlorophyll,Leaf Guard,Infiltrator,0.8,3,75,55,70,55,95,110,
190,Aipom,Normal,,Run Away,Pickup,Skill Link,0.8,11.5,55,70,55,40,55,85,
191,Sunkern,Grass,,Chlorophyll,Solar Power,Early Bird,0.3,1.8,30,30,30,30,30,30,
192,Sunflora,Grass,,Chlorophyll,Solar Power,Early Bird,0.8,8.5,75,75,55,105,85,30,
193,Yanma,Bug,Flying,Speed Boost,Compound Eyes,Frisk,1.2,38,65,65,45,75,45,95,
194,Wooper,Water,Ground,Damp,Water Absorb,Unaware,0.4,8.5,55,45,45,25,25,15,
,Wooper-Paldea,Poison,Ground,Poison Point,Water Absorb,Unaware,0.4,11,55,45,45,25,25,15,
195,Quagsire,Water,Ground,Damp,Water Absorb,Unaware,1.4,75,95,85,85,65,65,35,
196,Espeon,Psychic,,Synchronize,,Magic Bounce,0.9,26.5,65,65,60,130,95,110,
197,Umbreon,Dark,,Synchronize,,Inner Focus,1,27,95,65,110,60,130,65,
198,Murkrow,Dark,Flying,Insomnia,Super Luck,Prankster,0.5,2.1,60,85,42,85,42,91,
199,Slowking,Water,Psychic,Oblivious,Own Tempo,Regenerator,2,79.5,95,75,80,100,110,30,
,Slowking-Galar,Poison,Psychic,Curious Medicine,Own Tempo,Regenerator,1.8,79.5,95,65,80,110,110,30,
200,Misdreavus,Ghost,,Levitate,,,0.7,1,60,60,60,85,85,85,
201,Unown,Psychic,,Levitate,,,0.5,5,48,72,48,72,48,48,2
202,Wobbuffet,Psychic,,Shadow Tag,,Telepathy,1.3,28.5,190,33,58,33,58,33,
203,Girafarig,Normal,Psychic,Inner Focus,Early Bird,Sap Sipper,1.5,41.5,70,80,65,90,65,85,
204,Pineco,Bug,,Sturdy,,Overcoat,0.6,7.2,50,65,90,35,35,15,
205,Forretress,Bug,Steel,Sturdy,,Overcoat,1.2,125.8,75,90,140,60,60,40,
206,Dunsparce,Normal,,Serene Grace,Run Away,Rattled,1.5,14,100,70,70,65,65,45,
207,Gligar,Ground,Flying,Hyper Cutter,Sand Veil,Immunity,1.1,64.8,65,75,105,35,65,85,
208,Steelix,Steel,Ground,Rock Head,Sturdy,Sheer Force,9.2,400,75,85,200,55,65,30,
209,Snubbull,Fairy,,Intimidate,Run Away,Rattled,0.6,7.8,60,80,50,40,40,30,
210,Granbull,Fairy,,Intimidate,Quick Feet,Rattled,1.4,48.7,90,120,75,60,60,45,
211,Qwilfish,Water,Poison,Poison Point,Swift Swim,Intimidate,0.5,3.9,65,95,85,55,55,85,
,Qwilfish-Hisui,Dark,Poison,Poison Point,Swift Swim,Intimidate,0.5,3.9,65,95,85,55,55,85,
212,Scizor,Bug,Steel,Swarm,Technician,Light Metal,1.8,118,70,130,100,55,80,65,
,Mega Scizor,Bug,Steel,Technician,,,2,125,70,150,140,65,100,75,
213,Shuckle,Bug,Rock,Sturdy,Gluttony,Contrary,0.6,20.5,20,10,230,10,230,5,
214,Heracross,Bug,Fighting,Swarm,Guts,Moxie,1.5,54,80,125,75,40,95,85,
,Mega Heracross,Bug,Fighting,Skill Link,,,1.7,62.5,80,185,115,40,105,75,
215,Sneasel,Dark,Ice,Inner Focus,Keen Eye,Pickpocket,0.9,28,55,95,55,35,75,115,
,Sneasel-Hisui,Fighting,Poison,Inner Focus,Keen Eye,Pickpocket,0.9,27,55,95,55,35,75,115,
216,Teddiursa,Normal,,Pickup,Quick Feet,Honey Gather,0.6,8.8,60,80,50,50,50,40,
217,Ursaring,Normal,,Guts,Quick Feet,Unnerve,1.8,125.8,90,130,75,75,75,55,
218,Slugma,Fire,,Magma Armor,Flame Body,Weak Armor,0.7,35,40,40,40,70,40,20,
219,Magcargo,Fire,Rock,Magma Armor,Flame Body,Weak Armor,0.8,55,60,50,120,90,80,30,
220,Swinub,Ice,Ground,Oblivious,Snow Cloak,Thick Fat,0.4,6.5,50,50,40,30,30,50,
221,Piloswine,Ice,Ground,Oblivious,Snow Cloak,Thick Fat,1.1,55.8,100,100,80,60,60,50,
222,Corsola,Water,Rock,Hustle,Natural Cure,Regenerator,0.6,5,65,55,95,65,95,35,
,Corsola-Galar,Ghost,,Weak Armor,,Cursed Body,0.6,5,60,55,100,65,100,30,
223,Remoraid,Water,,Hustle,Sniper,Moody,0.6,12,35,65,35,65,35,65,
224,Octillery,Water,,Suction Cups,Sniper,Moody,0.9,28.5,75,105,75,105,75,45,
225,Delibird,Ice,Flying,Vital Spirit,Hustle,Insomnia,0.9,16,45,55,45,65,45,75,
226,Mantine,Water,Flying,Swift Swim,Water Absorb,Water Veil,2.1,220,85,40,70,80,140,70,
227,Skarmory,Steel,Flying,Keen Eye,Sturdy,Weak Armor,1.7,50.5,65,80,140,40,70,70,
228,Houndour,Dark,Fire,Early Bird,Flash Fire,Unnerve,0.6,10.8,45,60,30,80,50,65,
229,Houndoom,Dark,Fire,Early Bird,Flash Fire,Unnerve,1.4,35,75,90,50,110,80,95,
,Mega Houndoom,Dark,Fire,Solar Power,,,1.9,49.5,75,90,90,140,90,115,
230,Kingdra,Water,Dragon,Swift Swim,Sniper,Damp,1.8,152,75,95,95,95,95,85,
231,Phanpy,Ground,,Pickup,,Sand Veil,0.5,33.5,90,60,60,40,40,40,
232,Donphan,Ground,,Sturdy,,Sand Veil,1.1,120,90,120,120,60,60,50,
233,Porygon2,Normal,,Trace,Download,Analytic,0.6,32.5,85,85,90,105,95,60,2
234,Stantler,Normal,,Intimidate,Frisk,Sap Sipper,1.4,71.2,73,95,62,85,65,85,
235,Smeargle,Normal,,Own Tempo,Technician,Moody,1.2,58,55,20,35,20,45,75,
236,Tyrogue,Fighting,,Guts,Steadfast,Vital Spirit,0.7,21,35,35,35,35,35,35,1
237,Hitmontop,Fighting,,Intimidate,Technician,Steadfast,1.4,48,50,95,95,35,110,70,1
238,Smoochum,Ice,Psychic,Oblivious,Forewarn,Hydration,0.4,6,45,30,15,85,65,65,0
239,Elekid,Electric,,Static,,Vital Spirit,0.6,23.5,45,63,37,65,55,95,
240,Magby,Fire,,Flame Body,,Vital Spirit,0.7,21.4,45,75,37,70,55,83,
241,Miltank,Normal,,Thick Fat,Scrappy,Sap Sipper,1.2,75.5,95,80,105,40,70,100,0
242,Blissey,Normal,,Natural Cure,Serene Grace,Healer,1.5,46.8,255,10,10,75,135,55,0
243,Raikou,Electric,,Pressure,,Inner Focus,1.9,178,90,85,75,115,100,115,2
244,Entei,Fire,,Pressure,,Inner Focus,2.1,198,115,115,85,90,75,100,2
245,Suicune,Water,,Pressure,,Inner Focus,2,187,100,75,115,90,115,85,2
246,Larvitar,Rock,Ground,Guts,,Sand Veil,0.6,72,50,64,50,45,50,41,
247,Pupitar,Rock,Ground,Shed Skin,,,1.2,152,70,84,70,65,70,51,
248,Tyranitar,Rock,Dark,Sand Stream,,Unnerve,2,202,100,134,110,95,100,61,
,Mega Tyranitar,Rock,Dark,Sand Stream,,,2.5,255,100,164,150,95,120,71,
249,Lugia,Psychic,Flying,Pressure,,Multiscale,5.2,216,106,90,130,90,154,110,2
250,Ho-oh,Fire,Flying,Pressure,,Regenerator,3.8,199,106,130,90,110,154,90,2
251,Celebi,Psychic,Grass,Natural Cure,,,0.6,5,100,100,100,100,100,100,2
252,Treecko,Grass,,Overgrow,,Unburden,0.5,5,40,45,35,65,55,70,
253,Grovyle,Grass,,Overgrow,,Unburden,0.9,21.6,50,65,45,85,65,95,
254,Sceptile,Grass,,Overgrow,,Unburden,1.7,52.2,70,85,65,105,85,120,
,Mega Sceptile,Grass,Dragon,Lightning Rod,,,1.9,55.2,70,110,75,145,85,145,
255,Torchic,Fire,,Blaze,,Speed Boost,0.4,2.5,45,60,40,70,50,45,
256,Combusken,Fire,Fighting,Blaze,,Speed Boost,0.9,19.5,60,85,60,85,60,55,
257,Blaziken,Fire,Fighting,Blaze,,Speed Boost,1.9,52,80,120,70,110,70,80,
,Mega Blaziken,Fire,Fighting,Speed Boost,,,1.9,52,80,160,80,130,80,100,
258,Mudkip,Water,,Torrent,,Damp,0.4,7.6,50,70,50,50,50,40,
259,Marshtomp,Water,Ground,Torrent,,Damp,0.7,28,70,85,70,60,70,50,
260,Swampert,Water,Ground,Torrent,,Damp,1.5,81.9,100,110,90,85,90,60,
,Mega Swampert,Water,Ground,Swift Swim,,,1.9,102,100,150,110,95,110,70,
261,Poochyena,Dark,,Run Away,Quick Feet,Rattled,0.5,13.6,35,55,35,30,30,35,
262,Mightyena,Dark,,Intimidate,Quick Feet,Moxie,1,37,70,90,70,60,60,70,
263,Zigzagoon,Normal,,Pickup,Gluttony,Quick Feet,0.4,17.5,38,30,41,30,41,60,
,Zigzagoon-Galar,Dark,Normal,Pickup,Gluttony,Quick Feet,0.4,17.5,38,30,41,30,41,60,
264,Linoone,Normal,,Pickup,Gluttony,Quick Feet,0.5,32.5,78,70,61,50,61,100,
,Linoone-Galar,Dark,Normal,Pickup,Gluttony,Quick Feet,0.5,32.5,78,70,61,50,61,100,
265,Wurmple,Bug,,Shield Dust,,Run Away,0.3,3.6,45,45,35,20,30,20,
266,Silcoon,Bug,,Shed Skin,,,0.6,10,50,35,55,25,25,15,
267,Beautifly,Bug,Flying,Swarm,,Rivalry,1,28.4,60,70,50,100,50,65,
268,Cascoon,Bug,,Shed Skin,,,0.7,11.5,50,35,55,25,25,15,
269,Dustox,Bug,Poison,Shield Dust,,Compound Eyes,1.2,31.6,60,50,70,50,90,65,
270,Lotad,Water,Grass,Swift Swim,Rain Dish,Own Tempo,0.5,2.6,40,30,30,40,50,30,
271,Lombre,Water,Grass,Swift Swim,Rain Dish,Own Tempo,1.2,32.5,60,50,50,60,70,50,
272,Ludicolo,Water,Grass,Swift Swim,Rain Dish,Own Tempo,1.5,55,80,70,70,90,100,70,
273,Seedot,Grass,,Chlorophyll,Early Bird,Pickpocket,0.5,4,40,40,50,30,30,30,
274,Nuzleaf,Grass,Dark,Chlorophyll,Early Bird,Pickpocket,1,28,70,70,40,60,40,60,
275,Shiftry,Grass,Dark,Chlorophyll,Early Bird,Pickpocket,1.3,59.6,90,100,60,90,60,80,
276,Taillow,Normal,Flying,Guts,,Scrappy,0.3,2.3,40,55,30,30,30,85,
277,Swellow,Normal,Flying,Guts,,Scrappy,0.7,19.8,60,85,60,75,50,125,
278,Wingull,Water,Flying,Keen Eye,Hydration,Rain Dish,0.6,9.5,40,30,30,55,30,85,
279,Pelipper,Water,Flying,Keen Eye,Hydration,Rain Dish,1.2,28,60,50,100,95,70,65,
280,Ralts,Psychic,Fairy,Synchronize,Trace,Telepathy,0.4,6.6,28,25,25,45,35,40,
281,Kirlia,Psychic,Fairy,Synchronize,Trace,Telepathy,0.8,20.2,38,35,35,65,55,50,
282,Gardevoir,Psychic,Fairy,Synchronize,Trace,Telepathy,1.6,48.4,68,65,65,125,115,80,
,Mega Gardevoir,Psychic,Fairy,Pixilate,,,1.6,48.4,68,85,65,165,135,100,
283,Surskit,Water,Bug,Swift Swim,,Rain Dish,0.5,1.7,40,30,32,50,52,65,
284,Masquerain,Bug,Flying,Intimidate,,Unnerve,0.8,3.6,70,60,62,100,82,80,
285,Shroomish,Grass,,Effect Spore,Poison Heal,Quick Feet,0.4,4.5,60,40,60,40,60,35,
286,Breloom,Grass,Fighting,Effect Spore,Poison Heal,Technician,1.2,39.2,60,130,80,60,60,70,
287,Slakoth,Normal,,Truant,,,0.8,24,60,60,60,35,35,30,
288,Vigoroth,Normal,,Vital Spirit,,,1.4,46.5,80,80,80,55,55,90,
289,Slaking,Normal,,Truant,,,2,130.5,150,160,100,95,65,100,
290,Nincada,Bug,Ground,Compound Eyes,,Run Away,0.5,5.5,31,45,90,30,30,40,
291,Ninjask,Bug,Flying,Speed Boost,,Infiltrator,0.8,12,61,90,45,50,50,160,
292,Shedinja,Bug,Ghost,Wonder Guard,,,0.8,1.2,1,90,45,30,30,40,2
293,Whismur,Normal,,Soundproof,,Rattled,0.6,16.3,64,51,23,51,23,28,
294,Loudred,Normal,,Soundproof,,Scrappy,1,40.5,84,71,43,71,43,48,
295,Exploud,Normal,,Soundproof,,Scrappy,1.5,84,104,91,63,91,73,68,
296,Makuhita,Fighting,,Thick Fat,Guts,Sheer Force,1,86.4,72,60,30,20,30,25,
297,Hariyama,Fighting,,Thick Fat,Guts,Sheer Force,2.3,253.8,144,120,60,40,60,50,
298,Azurill,Normal,Fairy,Thick Fat,Huge Power,Sap Sipper,0.2,2,50,20,40,20,40,20,
299,Nosepass,Rock,,Sturdy,Magnet Pull,Sand Force,1,97,30,45,135,45,90,30,
300,Skitty,Normal,,Cute Charm,Normalize,Wonder Skin,0.6,11,50,45,45,35,35,50,
301,Delcatty,Normal,,Cute Charm,Normalize,Wonder Skin,1.1,32.6,70,65,65,55,55,90,
302,Sableye,Dark,Ghost,Keen Eye,Stall,Prankster,0.5,11,50,75,75,65,65,50,
,Mega Sableye,Dark,Ghost,Magic Bounce,,,0.5,161,50,85,125,85,115,20,
303,Mawile,Steel,Fairy,Hyper Cutter,Intimidate,Sheer Force,0.6,11.5,50,85,85,55,55,50,
,Mega Mawile,Steel,Fairy,Huge Power,,,1,23.5,50,105,125,55,95,50,
304,Aron,Steel,Rock,Sturdy,Rock Head,Heavy Metal,0.4,60,50,70,100,40,40,30,
305,Lairon,Steel,Rock,Sturdy,Rock Head,Heavy Metal,0.9,120,60,90,140,50,50,40,
306,Aggron,Steel,Rock,Sturdy,Rock Head,Heavy Metal,2.1,360,70,110,180,60,60,50,
,Mega Aggron,Steel,,Filter,,,2.2,395,70,140,230,60,80,50,
307,Meditite,Fighting,Psychic,Pure Power,,Telepathy,0.6,11.2,30,40,55,40,55,60,
308,Medicham,Fighting,Psychic,Pure Power,,Telepathy,1.3,31.5,60,60,75,60,75,80,
,Mega Medicham,Fighting,Psychic,Pure Power,,,1.3,31.5,60,100,85,80,85,100,
309,Electrike,Electric,,Static,Lightning Rod,Minus,0.6,15.2,40,45,40,65,40,65,
310,Manectric,Electric,,Static,Lightning Rod,Minus,1.5,40.2,70,75,60,105,60,105,
,Mega Manectric,Electric,,Intimidate,,,1.8,44,70,75,80,135,80,135,
311,Plusle,Electric,,Plus,,Lightning Rod,0.4,4.2,60,50,40,85,75,95,
312,Minun,Electric,,Minus,,Volt Absorb,0.4,4.2,60,40,50,75,85,95,
313,Volbeat,Bug,,Illuminate,Swarm,Prankster,0.7,17.7,65,73,75,47,85,85,1
314,Illumise,Bug,,Oblivious,Tinted Lens,Prankster,0.6,17.7,65,47,75,73,85,85,0
315,Roselia,Grass,Poison,Natural Cure,Poison Point,Leaf Guard,0.3,2,50,60,45,100,80,65,
316,Gulpin,Poison,,Liquid Ooze,Sticky Hold,Gluttony,0.4,10.3,70,43,53,43,53,40,
317,Swalot,Poison,,Liquid Ooze,Sticky Hold,Gluttony,1.7,80,100,73,83,73,83,55,
318,Carvanha,Water,Dark,Rough Skin,,Speed Boost,0.8,20.8,45,90,20,65,20,65,
319,Sharpedo,Water,Dark,Rough Skin,,Speed Boost,1.8,88.8,70,120,40,95,40,95,
,Mega Sharpedo,Water,Dark,Strong Jaw,,,2.5,130.3,70,140,70,110,65,105,
320,Wailmer,Water,,Water Veil,Oblivious,Pressure,2,130,130,70,35,70,35,60,
321,Wailord,Water,,Water Veil,Oblivious,Pressure,14.5,398,170,90,45,90,45,60,
322,Numel,Fire,Ground,Oblivious,Simple,Own Tempo,0.7,24,60,60,40,65,45,35,
323,Camerupt,Fire,Ground,Magma Armor,Solid Rock,Anger Point,1.9,220,70,100,70,105,75,40,
,Mega Camerupt,Fire,Ground,Sheer Force,,,2.5,320.5,70,120,100,145,105,20,
324,Torkoal,Fire,,White Smoke,Drought,Shell Armor,0.5,80.4,70,85,140,85,70,20,
325,Spoink,Psychic,,Thick Fat,Own Tempo,Gluttony,0.7,30.6,60,25,35,70,80,60,
326,Grumpig,Psychic,,Thick Fat,Own Tempo,Gluttony,0.9,71.5,80,45,65,90,110,80,
327,Spinda,Normal,,Own Tempo,Tangled Feet,Contrary,1.1,5,60,60,60,60,60,60,
328,Trapinch,Ground,,Hyper Cutter,Arena Trap,Sheer Force,0.7,15,45,100,45,45,45,10,
329,Vibrava,Ground,Dragon,Levitate,,,1.1,15.3,50,70,50,50,50,70,
330,Flygon,Ground,Dragon,Levitate,,,2,82,80,100,80,80,80,100,
331,Cacnea,Grass,,Sand Veil,,Water Absorb,0.4,51.3,50,85,40,85,40,35,
332,Cacturne,Grass,Dark,Sand Veil,,Water Absorb,1.3,77.4,70,115,60,115,60,55,
333,Swablu,Normal,Flying,Natural Cure,,Cloud Nine,0.4,1.2,45,40,60,40,75,50,
334,Altaria,Dragon,Flying,Natural Cure,,Cloud Nine,1.1,20.6,75,70,90,70,105,80,
,Mega Altaria,Dragon,Fairy,Pixilate,,,1.5,20.6,75,110,110,110,105,80,
335,Zangoose,Normal,,Immunity,,Toxic Boost,1.3,40.3,73,115,60,60,60,90,
336,Seviper,Poison,,Shed Skin,,Infiltrator,2.7,52.5,73,100,60,100,60,65,
337,Lunatone,Rock,Psychic,Levitate,,,1,168,90,55,65,95,85,70,2
338,Solrock,Rock,Psychic,Levitate,,,1.2,154,90,95,85,55,65,70,2
339,Barboach,Water,Ground,Oblivious,Anticipation,Hydration,0.4,1.9,50,48,43,46,41,60,
340,Whiscash,Water,Ground,Oblivious,Anticipation,Hydration,0.9,23.6,110,78,73,76,71,60,
341,Corphish,Water,,Hyper Cutter,Shell Armor,Adaptability,0.6,11.5,43,80,65,50,35,35,
342,Crawdaunt,Water,Dark,Hyper Cutter,Shell Armor,Adaptability,1.1,32.8,63,120,85,90,55,55,
343,Baltoy,Ground,Psychic,Levitate,,,0.5,21.5,40,40,55,40,70,55,2
344,Claydol,Ground,Psychic,Levitate,,,1.5,108,60,70,105,70,120,75,2
345,Lileep,Rock,Grass,Suction Cups,,Storm Drain,1,23.8,66,41,77,61,87,23,
346,Cradily,Rock,Grass,Suction Cups,,Storm Drain,1.5,60.4,86,81,97,81,107,43,
347,Anorith,Rock,Bug,Battle Armor,,Swift Swim,0.7,12.5,45,95,50,40,50,75,
348,Armaldo,Rock,Bug,Battle Armor,,Swift Swim,1.5,68.2,75,125,100,70,80,45,
349,Feebas,Water,,Swift Swim,Oblivious,Adaptability,0.6,7.4,20,15,20,10,55,80,
350,Milotic,Water,,Marvel Scale,Competitive,Cute Charm,6.2,162,95,60,79,100,125,81,
351,Castform,Normal,,Forecast,,,0.3,0.8,70,70,70,70,70,70,
,Castform-Sunny,Fire,,Forecast,,,0.3,0.8,70,70,70,70,70,70,
,Castform-Rainy,Water,,Forecast,,,0.3,0.8,70,70,70,70,70,70,
,Castform-Snowy,Ice,,Forecast,,,0.3,0.8,70,70,70,70,70,70,
352,Kecleon,Normal,,Color Change,,Protean,1,22,60,90,70,60,120,40,
353,Shuppet,Ghost,,Insomnia,Frisk,Cursed Body,0.6,2.3,44,75,35,63,33,45,
354,Banette,Ghost,,Insomnia,Frisk,Cursed Body,1.1,12.5,64,115,65,83,63,65,
,Mega Banette,Ghost,,Prankster,,,1.2,13,64,165,75,93,83,75,
355,Duskull,Ghost,,Levitate,,Frisk,0.8,15,20,40,90,30,90,25,
356,Dusclops,Ghost,,Pressure,,Frisk,1.6,30.6,40,70,130,60,130,25,
357,Tropius,Grass,Flying,Chlorophyll,Solar Power,Harvest,2,100,99,68,83,72,87,51,
358,Chimecho,Psychic,,Levitate,,,0.6,1,75,50,80,95,90,65,
359,Absol,Dark,,Pressure,Super Luck,Justified,1.2,47,65,130,60,75,60,75,
,Mega Absol,Dark,,Magic Bounce,,,1.2,49,65,150,60,115,60,115,
360,Wynaut,Psychic,,Shadow Tag,,Telepathy,0.6,14,95,23,48,23,48,23,
361,Snorunt,Ice,,Inner Focus,Ice Body,Moody,0.7,16.8,50,50,50,50,50,50,
362,Glalie,Ice,,Inner Focus,Ice Body,Moody,1.5,256.5,80,80,80,80,80,80,
,Mega Glalie,Ice,,Refrigerate,,,2.1,350.2,80,120,80,120,80,100,
363,Spheal,Ice,Water,Thick Fat,Ice Body,Oblivious,0.8,39.5,70,40,50,55,50,25,
364,Sealeo,Ice,Water,Thick Fat,Ice Body,Oblivious,1.1,87.6,90,60,70,75,70,45,
365,Walrein,Ice,Water,Thick Fat,Ice Body,Oblivious,1.4,150.6,110,80,90,95,90,65,
366,Clamperl,Water,,Shell Armor,,Rattled,0.4,52.5,35,64,85,74,55,32,
367,Huntail,Water,,Swift Swim,,Water Veil,1.7,27,55,104,105,94,75,52,
368,Gorebyss,Water,,Swift Swim,,Hydration,1.8,22.6,55,84,105,114,75,52,
369,Relicanth,Water,Rock,Swift Swim,Rock Head,Sturdy,1,23.4,100,90,130,45,65,55,
370,Luvdisc,Water,,Swift Swim,,Hydration,0.6,8.7,43,30,55,40,65,97,
371,Bagon,Dragon,,Rock Head,,Sheer Force,0.6,42.1,45,75,60,40,30,50,
372,Shelgon,Dragon,,Rock Head,,Overcoat,1.1,110.5,65,95,100,60,50,50,
373,Salamence,Dragon,Flying,Intimidate,,Moxie,1.5,102.6,95,135,80,110,80,100,
,Mega Salamence,Dragon,Flying,Aerilate,,,1.8,112.6,95,145,130,120,90,120,
374,Beldum,Steel,Psychic,Clear Body,,Light Metal,0.6,95.2,40,55,80,35,60,30,2
375,Metang,Steel,Psychic,Clear Body,,Light Metal,1.2,202.5,60,75,100,55,80,50,2
376,Metagross,Steel,Psychic,Clear Body,,Light Metal,1.6,550,80,135,130,95,90,70,2
,Mega Metagross,Steel,Psychic,Tough Claws,,,2.5,942.9,80,145,150,105,110,110,2
377,Regirock,Rock,,Clear Body,,Sturdy,1.7,230,80,100,200,50,100,50,2
378,Regice,Ice,,Clear Body,,Ice Body,1.8,175,80,50,100,100,200,50,2
379,Registeel,Steel,,Clear Body,,Light Metal,1.9,205,80,75,150,75,150,50,2
380,Latias,Dragon,Psychic,Levitate,,,1.4,40,80,80,90,110,130,110,0
,Mega Latias,Dragon,Psychic,Levitate,,,1.8,52,80,100,120,140,150,110,0
381,Latios,Dragon,Psychic,Levitate,,,2,60,80,90,80,130,110,110,1
,Meta Latios,Dragon,Psychic,Levitate,,,2.3,70,80,130,100,160,120,110,1
382,Kyogre,Water,,Drizzle,,,4.5,352,100,100,90,150,140,90,2
,Primordial Kyogre,Water,,Primordial Sea,,,9.8,430,100,150,90,180,180,90,2
383,Groudon,Ground,,Drought,,,3.5,950,100,150,140,100,90,90,2
,Primordial Groudon,Ground,Fire,Desolate Land,,,5,999.7,100,180,160,150,90,90,2
384,Rayquaza,Dragon,Flying,Air Lock,,,7,206.5,105,150,90,150,90,95,2
,Mega Rayquaza,Dragon,Flying,Delta Stream,,,10.8,392,105,180,100,180,100,115,2
385,Jirachi,Psychic,Steel,Serene Grace,,,0.3,1.1,100,100,100,100,100,100,2
386,Deoxys,Psychic,,Pressure,,,1.7,60.8,50,150,50,150,50,150,2
,Deoxys-Attack,Psychic,,Pressure,,,1.7,60.8,50,180,20,180,20,150,2
,Deoxys-Defense,Psychic,,Pressure,,,1.7,60.8,50,70,160,70,160,90,2
,Deoxys-Speed,Psychic,,Pressure,,,1.7,60.8,50,95,90,95,90,180,2
387,Turtwig,Grass,,Overgrow,,Shell Armor,0.4,10.2,55,68,64,45,55,31,
388,Grotle,Grass,,Overgrow,,Shell Armor,1.1,97,75,89,85,55,65,36,
389,Torterra,Grass,Ground,Overgrow,,Shell Armor,2.2,310,95,109,105,75,85,56,
390,Chimchar,Fire,,Blaze,,Iron Fist,0.5,6.2,44,58,44,58,44,61,
391,Monferno,Fire,Fighting,Blaze,,Iron Fist,0.9,22,64,78,52,78,52,81,
392,Infernape,Fire,Fighting,Blaze,,Iron Fist,1.2,55,76,104,71,104,71,108,
393,Piplup,Water,,Torrent,,Defiant,0.4,5.2,53,51,53,61,56,40,
394,Prinplup,Water,,Torrent,,Defiant,0.8,23,64,66,68,81,76,50,
395,Empoleon,Water,Steel,Torrent,,Defiant,1.7,84.5,84,86,88,111,101,60,
396,Starly,Normal,Flying,Keen Eye,,Reckless,0.3,2,40,55,30,30,30,60,
397,Staravia,Normal,Flying,Intimidate,,Reckless,0.6,15.5,55,75,50,40,40,80,
398,Staraptor,Normal,Flying,Intimidate,,Reckless,1.2,24.9,85,120,70,50,60,100,
399,Bidoof,Normal,,Simple,Unaware,Moody,0.5,20,59,45,40,35,40,31,
400,Bibarel,Normal,Water,Simple,Unaware,Moody,1,31.5,79,85,60,55,60,71,
401,Kricketot,Bug,,Shed Skin,,Run Away,0.3,2.2,37,25,41,25,41,25,
402,Kricketune,Bug,,Swarm,,Technician,1,25.5,77,85,51,55,51,65,
403,Shinx,Electric,,Rivalry,Intimidate,Guts,0.5,9.5,45,65,34,40,34,45,
404,Luxio,Electric,,Rivalry,Intimidate,Guts,0.9,30.5,60,85,49,60,49,60,
405,Luxray,Electric,,Rivalry,Intimidate,Guts,1.4,42,80,120,79,95,79,70,
406,Budew,Grass,Poison,Natural Cure,Poison Point,Leaf Guard,0.2,1.2,40,30,35,50,70,55,
407,Roserade,Grass,Poison,Natural Cure,Poison Point,Technician,0.9,14.5,60,70,65,125,105,90,
408,Cranidos,Rock,,Mold Breaker,,Sheer Force,0.9,31.5,67,125,40,30,30,58,
409,Rampardos,Rock,,Mold Breaker,,Sheer Force,1.6,102.5,97,165,60,65,50,58,
410,Shieldon,Rock,Steel,Sturdy,,Soundproof,0.5,57,30,42,118,42,88,30,
411,Bastiodon,Rock,Steel,Sturdy,,Soundproof,1.3,149.5,60,52,168,47,138,30,
412,Burmy,Bug,,Shed Skin,,Overcoat,0.2,3.4,40,29,45,29,45,36,
413,Wormadam-Plant,Bug,Grass,Anticipation,,Overcoat,0.5,6.5,60,59,85,79,105,36,0
,Wormadam-Sandy,Bug,Ground,Anticipation,,Overcoat,0.5,6.5,60,79,105,59,85,36,0
,Wormadam-Trash,Bug,Steel,Anticipation,,Overcoat,0.5,6.5,60,69,95,69,95,36,0
414,Mothim,Bug,Flying,Swarm,,Tinted Lens,0.9,23.3,70,94,50,94,50,66,1
415,Combee,Bug,Flying,Honey Gather,,Hustle,0.3,5.5,30,30,42,30,42,70,
416,Vespiquen,Bug,Flying,Pressure,,Unnerve,1.2,38.5,70,80,102,80,102,40,0
417,Pachirisu,Electric,,Run Away,Pickup,Volt Absorb,0.4,3.9,60,45,70,45,90,95,
418,Buizel,Water,,Swift Swim,,Water Veil,0.7,29.5,55,65,35,60,30,85,
419,Floatzel,Water,,Swift Swim,,Water Veil,1.1,33.5,85,105,55,85,50,115,
420,Cherubi,Grass,,Chlorophyll,,,0.4,3.3,45,35,45,62,53,35,
421,Cherrim,Grass,,Flower Gift,,,0.5,9.3,70,60,70,87,78,85,
422,Shellos,Water,,Sticky Hold,Storm Drain,Sand Force,0.3,6.3,76,48,48,57,62,34,
423,Gastrodon,Water,Ground,Sticky Hold,Storm Drain,Sand Force,0.9,29.9,111,83,68,92,82,39,
424,Ambipom,Normal,,Technician,Pickup,Skill Link,1.2,20.3,75,100,66,60,66,115,
425,Drifloon,Ghost,Flying,Aftermath,Unburden,Flare Boost,0.4,1.2,90,50,34,60,44,70,
426,Drifblim,Ghost,Flying,Aftermath,Unburden,Flare Boost,1.2,15,150,80,44,90,54,80,
427,Buneary,Normal,,Run Away,Klutz,Limber,0.4,5.5,55,66,44,44,56,85,
428,Lopunny,Normal,,Cute Charm,Klutz,Limber,1.2,33.3,65,76,84,54,96,105,
,Mega Lopunny,Normal,Fighting,Scrappy,,,1.3,28.3,65,136,94,54,96,135,
429,Mismagius,Ghost,,Levitate,,,0.9,4.4,60,60,60,105,105,105,
430,Honchkrow,Dark,Flying,Insomnia,Super Luck,Moxie,0.9,27.3,100,125,52,105,52,71,
431,Glameow,Normal,,Limber,Own Tempo,Keen Eye,0.5,3.9,49,55,42,42,37,85,
432,Purugly,Normal,,Thick Fat,Own Tempo,Defiant,1,43.8,71,82,64,64,59,112,
433,Chingling,Psychic,,Levitate,,,0.2,0.6,45,30,50,65,50,45,
434,Stunky,Poison,Dark,Stench,Aftermath,Keen Eye,0.4,19.2,63,63,47,41,41,74,
435,Skuntank,Poison,Dark,Stench,Aftermath,Keen Eye,1,38,103,93,67,71,61,84,
436,Bronzor,Steel,Psychic,Levitate,Heatproof,Heavy Metal,0.5,60.5,57,24,86,24,86,23,2
437,Bronzong,Steel,Psychic,Levitate,Heatproof,Heavy Metal,1.3,187,67,89,116,79,116,33,2
438,Bonsly,Rock,,Sturdy,Rock Head,Rattled,0.5,15,50,80,95,10,45,10,
439,Mime Jr,Psychic,Fairy,Soundproof,Filter,Technician,0.6,13,20,25,45,70,90,60,
440,Happiny,Normal,,Natural Cure,Serene Grace,Friend Guard,0.6,24.4,100,5,5,15,65,30,0
441,Chatot,Normal,Flying,Keen Eye,Tangled Feet,Big Pecks,0.5,1.9,76,65,45,92,42,91,
442,Spiritomb,Ghost,Dark,Pressure,,Infiltrator,1,108,50,92,108,92,108,35,
443,Gible,Dragon,Ground,Sand Veil,,Rough Skin,0.7,20.5,58,70,45,40,45,42,
444,Gabite,Dragon,Ground,Sand Veil,,Rough Skin,1.4,56,68,90,65,50,55,82,
445,Garchomp,Dragon,Ground,Sand Veil,,Rough Skin,1.9,95,108,130,95,80,85,102,
,Mega Garchomp,Dragon,Ground,Sand Force,,,1.9,95,108,170,115,120,95,92,
446,Munchlax,Normal,,Pickup,Thick Fat,Gluttony,0.6,105,135,85,40,40,85,5,
447,Riolu,Fighting,,Steadfast,Inner Focus,Prankster,0.7,20.2,40,70,40,35,40,60,
448,Lucario,Fighting,Steel,Steadfast,Inner Focus,Justified,1.2,54,70,110,70,115,70,90,
,Mega Lucario,Fighting,Steel,Adaptability,,,1.3,57.5,70,145,88,140,70,112,
449,Hippopotas,Ground,,Sand Stream,,Sand Force,0.8,49.5,68,72,78,38,42,32,
450,Hippowdon,Ground,,Sand Stream,,Sand Force,2,300,108,112,118,68,72,47,
451,Skorupi,Poison,Bug,Battle Armor,Sniper,Keen Eye,0.8,12,40,50,90,30,55,65,
452,Drapion,Poison,Dark,Battle Armor,Sniper,Keen Eye,1.3,61.5,70,90,110,60,75,95,
453,Croagunk,Poison,Fighting,Anticipation,Dry Skin,Poison Touch,0.7,23,48,61,40,61,40,50,
454,Toxicroak,Poison,Fighting,Anticipation,Dry Skin,Poison Touch,1.3,44.4,83,106,65,86,65,85,
455,Carnivine,Grass,,Levitate,,,1.4,27,74,100,72,90,72,46,
456,Finneon,Water,,Swift Swim,Storm Drain,Water Veil,0.4,7,49,49,56,49,61,66,
457,Lumineon,Water,,Swift Swim,Storm Drain,Water Veil,1.2,24,69,69,76,69,86,91,
458,Mantyke,Water,Flying,Swift Swim,Water Absorb,Water Veil,1,65,45,20,50,60,120,50,
459,Snover,Grass,Ice,Snow Warning,,Soundproof,1,50.5,60,62,50,62,60,40,
460,Abomasnow,Grass,Ice,Snow Warning,,Soundproof,2.2,135.5,90,92,75,92,85,60,
,Mega Abomasnow,Grass,Ice,Snow Warning,,,2.7,185,90,132,105,132,105,30,
461,Weavile,Dark,Ice,Pressure,,Pickpocket,1.1,34,70,120,65,45,85,125,
462,Magnezone,Electric,Steel,Magnet Pull,Sturdy,Analytic,1.2,180,70,70,115,130,90,60,2
463,Lickilicky,Normal,,Own Tempo,Oblivious,Cloud Nine,1.7,140,110,85,95,80,95,50,
464,Rhyperior,Ground,Rock,Lightning Rod,Solid Rock,Reckless,2.4,282.8,115,140,130,55,55,40,
465,Tangrowth,Grass,,Chlorophyll,Leaf Guard,Regenerator,2,128.6,100,100,125,110,50,50,
466,Electivire,Electric,,Motor Drive,,Vital Spirit,1.8,138.6,75,123,67,95,85,95,
467,Magmortar,Fire,,Flame Body,,Vital Spirit,1.6,68,75,95,67,125,95,83,
468,Togekiss,Fairy,Flying,Hustle,Serene Grace,Super Luck,1.5,38,85,50,95,120,115,80,
469,Yanmega,Bug,Flying,Speed Boost,Tinted Lens,Frisk,1.9,51.5,86,76,86,116,56,95,
470,Leafeon,Grass,,Leaf Guard,,Chlorophyll,1,25.5,65,110,130,60,65,95,
471,Glaceon,Ice,,Snow Cloak,,Ice Body,0.8,25.9,65,60,110,130,95,65,
472,Gliscor,Ground,Flying,Hyper Cutter,Sand Veil,Poison Heal,2,42.5,75,95,125,45,75,95,
473,Mamoswine,Ice,Ground,Oblivious,Snow Cloak,Thick Fat,2.5,291,110,130,80,70,60,80,
474,Porygon-Z,Normal,,Adaptability,Download,Analytic,0.9,34,85,80,70,135,75,90,2
475,Gallade,Psychic,Fighting,Steadfast,Sharpness,Justified,1.6,52,68,125,65,65,115,80,1
,Mega Gallade,Psychic,Fighting,Inner Focus,,,1.6,56.4,68,165,95,65,115,110,1
476,Probopass,Rock,Steel,Sturdy,Magnet Pull,Sand Force,1.4,340,60,55,145,75,150,40,
477,Dusknoir,Ghost,,Pressure,,Frisk,2.2,106.6,45,100,135,65,135,45,
478,Froslass,Ice,Ghost,Snow Cloak,,Cursed Body,1.3,26.6,70,80,70,80,70,110,0
479,Rotom,Electric,Ghost,Levitate,,,0.3,0.3,50,50,77,95,77,91,2
,Rotom-Heat,Electric,Fire,Levitate,,,0.3,0.3,50,65,107,105,107,86,2
,Rotom-Wash,Electric,Water,Levitate,,,0.3,0.3,50,65,107,105,107,86,2
,Rotom-Fan,Electric,Flying,Levitate,,,0.3,0.3,50,65,107,105,107,86,2
,Rotom-Mow,Electric,Grass,Levitate,,,0.3,0.3,50,65,107,105,107,86,2
,Rotom-Frost,Electric,Ice,Levitate,,,0.3,0.3,50,65,107,105,107,86,2
480,Uxie,Psychic,,Levitate,,,0.3,0.3,75,75,130,75,130,95,2
481,Mesprit,Psychic,,Levitate,,,0.3,0.3,80,105,105,105,105,80,2
482,Azelf,Psychic,,Levitate,,,0.3,0.3,75,125,70,125,70,115,2
483,Dialga,Steel,Dragon,Pressure,,Telepathy,5.4,683,100,120,120,150,100,90,2
,Dialga-Origin,Steel,Dragon,Pressure,,Telepathy,7,850,100,100,120,150,120,90,
484,Palkia,Water,Dragon,Pressure,,Telepathy,4.2,336,90,120,100,150,120,100,2
,Palkia-Origin,Water,Dragon,Pressure,,Telepathy,6.3,660,90,100,100,150,120,120,
485,Heatran,Fire,Steel,Flash Fire,,Flame Body,1.7,430,91,90,106,130,106,77,
486,Regigigas,Normal,,Slow Start,,,3.7,420,110,160,110,80,110,100,2
487,Giratina,Ghost,Dragon,Pressure,,Telepathy,4.5,750,150,100,120,100,120,90,2
,Giratina-Origin,Ghost,Dragon,Levitate,,,6.9,650,150,120,100,120,100,90,
488,Cresselia,Psychic,,Levitate,,,1.5,85.6,120,70,110,75,120,85,0
489,Phione,Water,,Hydration,,,0.4,3.1,80,80,80,80,80,80,2
490,Manaphy,Water,,Hydration,,,0.3,1.4,100,100,100,100,100,100,2
491,Darkrai,Dark,,Bad Dreams,,,1.5,50.5,70,90,90,135,90,125,2
492,Shaymin,Grass,,Natural Cure,,,0.2,2.1,100,100,100,100,100,100,2
,Shaymin-Sky,Grass,Flying,Serene Grace,,,0.4,5.2,100,103,75,120,75,127,2
493,Arceus,Normal,,Multitype,,,3.2,320,120,120,120,120,120,120,2
494,Victini,Psychic,Fire,Victory Star,,,0.4,4,100,100,100,100,100,100,2
495,Snivy,Grass,,Overgrow,,Contrary,0.6,8.1,45,45,55,45,55,63,
496,Servine,Grass,,Overgrow,,Contrary,0.8,16,60,60,75,60,75,83,
497,Serperior,Grass,,Overgrow,,Contrary,3.3,63,75,75,95,75,95,113,
498,Tepig,Fire,,Blaze,,Thick Fat,0.5,9.9,65,63,45,45,45,45,
499,Pignite,Fire,Fighting,Blaze,,Thick Fat,1,55.5,90,93,55,70,55,55,
500,Emboar,Fire,Fighting,Blaze,,Reckless,1.6,150,110,123,65,100,65,65,
501,Oshawott,Water,,Torrent,,Shell Armor,0.5,5.9,55,55,45,63,45,45,
502,Dewott,Water,,Torrent,,Shell Armor,0.8,24.5,75,75,60,83,60,60,
503,Samurott,Water,,Torrent,,Shell Armor,1.5,94.6,95,100,85,108,70,70,
,Samurott-Hisui,Water,Dark,Torrent,,Sharpness,1.5,58.2,90,108,80,100,65,85,
504,Patrat,Normal,,Run Away,Keen Eye,Analytic,0.5,11.6,45,55,39,35,39,42,
505,Watchog,Normal,,Illuminate,Keen Eye,Analytic,1.1,27,60,85,69,60,69,77,
506,Lillipup,Normal,,Vital Spirit,Pickup,Run Away,0.4,4.1,45,60,45,25,45,55,
507,Herdier,Normal,,Intimidate,Sand Rush,Scrappy,0.9,14.7,65,80,65,35,65,60,
508,Stoutland,Normal,,Intimidate,Sand Rush,Scrappy,1.2,61,85,110,90,45,90,80,
509,Purrloin,Dark,,Limber,Unburden,Prankster,0.4,10.1,41,50,37,50,37,66,
510,Liepard,Dark,,Limber,Unburden,Prankster,1.1,37.5,64,88,50,88,50,106,
511,Pansage,Grass,,Gluttony,,Overgrow,0.6,10.5,50,53,48,53,48,64,
512,Simisage,Grass,,Gluttony,,Overgrow,1.1,30.5,75,98,63,98,63,101,
513,Pansear,Fire,,Gluttony,,Blaze,0.6,11,50,53,48,53,48,64,
514,Simisear,Fire,,Gluttony,,Blaze,1,28,75,98,63,98,63,101,
515,Panpour,Water,,Gluttony,,Torrent,0.6,13.5,50,53,48,53,48,64,
516,Simipour,Water,,Gluttony,,Torrent,1,29,75,98,63,98,63,101,
517,Munna,Psychic,,Forewarn,Synchronize,Telepathy,0.6,23.3,76,25,45,67,55,24,
518,Musharna,Psychic,,Forewarn,Synchronize,Telepathy,1.1,60.5,116,55,85,107,95,29,
519,Pidove,Normal,Flying,Big Pecks,Super Luck,Rivalry,0.3,2.1,50,55,50,36,30,43,
520,Tranquill,Normal,Flying,Big Pecks,Super Luck,Rivalry,0.6,15,62,77,62,50,42,65,
521,Unfezant,Normal,Flying,Big Pecks,Super Luck,Rivalry,1.2,29,80,115,80,65,55,93,
522,Blitzle,Electric,,Lightning Rod,Motor Drive,Sap Sipper,0.8,29.8,45,60,32,50,32,76,
523,Zebstrika,Electric,,Lightning Rod,Motor Drive,Sap Sipper,1.6,79.5,75,100,63,80,63,116,
524,Roggenrola,Rock,,Sturdy,Weak Armor,Sand Force,0.4,18,55,75,85,25,25,15,
525,Boldore,Rock,,Sturdy,Weak Armor,Sand Force,0.9,102,70,105,105,50,40,20,
526,Gigalith,Rock,,Sturdy,Sand Stream,Sand Force,1.7,260,85,135,130,60,80,25,
527,Woobat,Psychic,Flying,Unaware,Klutz,Simple,0.4,2.1,65,45,43,55,43,72,
528,Swoobat,Psychic,Flying,Unaware,Klutz,Simple,0.9,10.5,67,57,55,77,55,114,
529,Drilbur,Ground,,Sand Rush,Sand Force,Mold Breaker,0.3,8.5,60,85,40,30,45,68,
530,Excadrill,Ground,Steel,Sand Rush,Sand Force,Mold Breaker,0.7,40.4,110,135,60,50,65,88,
531,Audino,Normal,,Healer,Regenerator,Klutz,1.1,31,103,60,86,60,86,50,
,Mega Audino,Normal,Fairy,Healer,,,1.5,32,103,60,126,80,126,50,
532,Timburr,Fighting,,Guts,Sheer Force,Iron Fist,0.6,12.5,75,80,55,25,35,35,
533,Gurdurr,Fighting,,Guts,Sheer Force,Iron Fist,1.2,40,85,105,85,40,50,40,
534,Conkeldurr,Fighting,,Guts,Sheer Force,Iron Fist,1.4,87,105,140,95,55,65,45,
535,Tympole,Water,,Swift Swim,Hydration,Water Absorb,0.5,4.5,50,50,40,50,40,64,
536,Palpitoad,Water,Ground,Swift Swim,Hydration,Water Absorb,0.8,17,75,65,55,65,55,69,
537,Seismitoad,Water,Ground,Swift Swim,Poison Touch,Water Absorb,1.5,62,105,95,75,85,75,74,
538,Throh,Fighting,,Guts,Inner Focus,Mold Breaker,1.3,55.5,120,100,85,30,85,45,1
539,Sawk,Fighting,,Sturdy,Inner Focus,Mold Breaker,1.4,51,75,125,75,30,75,85,1
540,Sewaddle,Bug,Grass,Swarm,Chlorophyll,Overcoat,0.3,2.5,45,53,70,40,60,42,
541,Swadloon,Bug,Grass,Leaf Guard,Chlorophyll,Overcoat,0.5,7.3,55,63,90,50,80,42,
542,Leavanny,Bug,Grass,Swarm,Chlorophyll,Overcoat,1.2,20.5,75,103,80,70,80,92,
543,Venipede,Bug,Poison,Poison Point,Swarm,Speed Boost,0.4,5.3,30,45,59,30,39,57,
544,Whirlipede,Bug,Poison,Poison Point,Swarm,Speed Boost,1.2,58.5,40,55,99,40,79,47,
545,Scolipede,Bug,Poison,Poison Point,Swarm,Speed Boost,2.5,200.5,60,100,89,55,69,112,
546,Cottonee,Grass,Fairy,Prankster,Infiltrator,Chlorophyll,0.3,0.6,40,27,60,37,50,66,
547,Whimsicott,Grass,Fairy,Prankster,Infiltrator,Chlorophyll,0.7,6.6,60,67,85,77,75,116,
548,Petilil,Grass,,Chlorophyll,Own Tempo,Leaf Guard,0.5,6.6,45,35,50,70,50,30,0
549,Lilligant,Grass,,Chlorophyll,Own Tempo,Leaf Guard,1.1,16.3,70,60,75,110,75,90,0
,Lilligant-Hisui,Grass,Fighting,Chlorophyll,Hustle,Leaf Guard,1.2,19.2,70,105,75,50,75,105,0
550,Basculin-Red,Water,,Reckless,Adaptability,Mold Breaker,1,18,70,92,65,80,55,98,
,Basculin-Blue,Water,,Rock Head,Adaptability,Mold Breaker,1,18,70,92,65,80,55,98,
,Basculin-White,Water,,Rattled,Adaptability,Mold Breaker,1,18,70,92,65,80,55,98,
551,Sandile,Ground,Dark,Intimidate,Moxie,Anger Point,0.7,15.2,50,72,35,35,35,65,
552,Krokorok,Ground,Dark,Intimidate,Moxie,Anger Point,1,33.4,60,82,45,45,45,74,
553,Krookodile,Ground,Dark,Intimidate,Moxie,Anger Point,1.5,96.3,95,117,80,65,70,92,
554,Darumaka,Fire,,Hustle,,Inner Focus,0.6,37.5,70,90,45,15,45,50,
,Darumaka-Galar,Ice,,Hustle,,Inner Focus,0.7,40,70,90,45,15,45,50,
555,Darmanitan,Fire,,Sheer Force,,Zen Mode,1.3,92.9,105,140,55,30,55,95,
,Darmanitan-Zen,Fire,Psychic,Zen Mode,,,1.3,92.9,105,30,105,140,105,55,
,Darmanitan-Galar,Ice,,Gorilla Tactics,,Zen Mode,1.7,120,105,140,55,30,55,95,
,Darmanitan-Galar-Zen,Ice,Fire,Zen Mode,,,1.7,120,105,160,55,30,55,135,
556,Maractus,Grass,,Water Absorb,Chlorophyll,Storm Drain,1,28,75,86,67,106,67,60,
557,Dwebble,Bug,Rock,Sturdy,Shell Armor,Weak Armor,0.3,14.5,50,65,85,35,35,55,
558,Crustle,Bug,Rock,Sturdy,Shell Armor,Weak Armor,1.4,200,70,105,125,65,75,45,
559,Scraggy,Dark,Fighting,Shed Skin,Moxie,Intimidate,0.6,11.8,50,75,70,35,70,48,
560,Scrafty,Dark,Fighting,Shed Skin,Moxie,Intimidate,1.1,30,65,90,115,45,115,58,
561,Sigilyph,Psychic,Flying,Wonder Skin,Magic Guard,Tinted Lens,1.4,14,72,58,80,103,80,97,
562,Yamask,Ghost,,Mummy,,,0.5,1.5,38,30,85,55,65,30,
,Yamask-Galar,Ground,Ghost,Wandering Spirit,,,0.5,1.5,38,55,85,30,65,30,
563,Cofagrigus,Ghost,,Mummy,,,1.7,76.5,58,50,145,95,105,30,
564,Tirtouga,Water,Rock,Solid Rock,Sturdy,Swift Swim,0.7,16.5,54,78,103,53,45,22,
565,Carracosta,Water,Rock,Solid Rock,Sturdy,Swift Swim,1.2,81,74,108,133,83,65,32,
566,Archen,Rock,Flying,Defeatist,,,0.5,9.5,55,112,45,74,45,70,
567,Archeops,Rock,Flying,Defeatist,,,1.4,32,75,140,65,112,65,110,
568,Trubbish,Poison,,Stench,Sticky Hold,Aftermath,0.6,31,50,50,62,40,62,65,
569,Garbodor,Poison,,Stench,Sticky Hold,Aftermath,1.9,107.3,80,95,82,60,82,75,
570,Zorua,Dark,,Illusion,,,0.7,12.5,40,65,40,80,40,65,
,Zorua-Hisui,Normal,Ghost,Illusion,,,0.7,12.5,35,60,40,85,40,70,
571,Zoroark,Dark,,Illusion,,,1.6,81.1,60,105,60,120,60,105,
,Zoroark-Hisui,Normal,Ghost,Illusion,,,1.6,73,55,100,60,125,60,110,
572,Minccino,Normal,,Cute Charm,Technician,Skill Link,0.4,5.8,55,50,40,40,40,75,
573,Cinccino,Normal,,Cute Charm,Technician,Skill Link,0.5,7.5,75,95,60,65,60,115,
574,Gothita,Psychic,,Frisk,Competitive,Shadow Tag,0.4,5.8,45,30,50,55,65,45,
575,Gothorita,Psychic,,Frisk,Competitive,Shadow Tag,0.7,18,60,45,70,75,85,55,
576,Gothitelle,Psychic,,Frisk,Competitive,Shadow Tag,1.5,44,70,55,95,95,110,65,
577,Solosis,Psychic,,Overcoat,Magic Guard,Regenerator,0.3,1,45,30,40,105,50,20,
578,Duosion,Psychic,,Overcoat,Magic Guard,Regenerator,0.6,8,65,40,50,125,60,30,
579,Reuniclus,Psychic,,Overcoat,Magic Guard,Regenerator,1,20.1,110,65,75,125,85,30,
580,Ducklett,Water,Flying,Keen Eye,Big Pecks,Hydration,0.5,5.5,62,44,50,44,50,55,
581,Swanna,Water,Flying,Keen Eye,Big Pecks,Hydration,1.3,24.2,75,87,63,87,63,98,
582,Vanillite,Ice,,Ice Body,Snow Cloak,Weak Armor,0.4,5.7,36,50,50,65,60,44,
583,Vanillish,Ice,,Ice Body,Snow Cloak,Weak Armor,1.1,41,51,65,65,80,75,59,
584,Vanilluxe,Ice,,Ice Body,Snow Warning,Weak Armor,1.3,57.5,71,95,85,110,95,79,
585,Deerling,Normal,Grass,Chlorophyll,Sap Sipper,Serene Grace,0.6,19.5,60,60,50,40,50,75,
586,Sawsbuck,Normal,Grass,Chlorophyll,Sap Sipper,Serene Grace,1.9,92.5,80,100,70,60,70,95,
587,Emolga,Electric,Flying,Static,,Motor Drive,0.4,5,55,75,60,75,60,103,
588,Karrablast,Bug,,Swarm,Shed Skin,No Guard,0.5,5.9,50,75,45,40,45,60,
589,Escavalier,Bug,Steel,Swarm,Shell Armor,Overcoat,1,33,70,135,105,60,105,20,
590,Foongus,Grass,Poison,Effect Spore,,Regenerator,0.2,1,69,55,45,55,55,15,
591,Amoonguss,Grass,Poison,Effect Spore,,Regenerator,0.6,10.5,114,85,70,85,80,30,
592,Frillish,Water,Ghost,Water Absorb,Cursed Body,Damp,1.2,33,55,40,50,65,85,40,
593,Jellicent,Water,Ghost,Water Absorb,Cursed Body,Damp,2.2,135,100,60,70,85,105,60,
594,Alomomola,Water,,Healer,Hydration,Regenerator,1.2,31.6,165,75,80,40,45,65,
595,Joltik,Bug,Electric,Compound Eyes,Unnerve,Swarm,0.1,0.6,50,47,50,57,50,65,
596,Galvantula,Bug,Electric,Compound Eyes,Unnerve,Swarm,0.8,14.3,70,77,60,97,60,108,
597,Ferroseed,Grass,Steel,Iron Barbs,,,0.6,18.8,44,50,91,24,86,10,
598,Ferrothorn,Grass,Steel,Iron Barbs,,Anticipation,1,110,74,94,131,54,116,20,
599,Klink,Steel,,Plus,Minus,Clear Body,0.3,21,40,55,70,45,60,30,2
600,Klang,Steel,,Plus,Minus,Clear Body,0.6,51,60,80,95,70,85,50,2
601,Klinklang,Steel,,Plus,Minus,Clear Body,0.6,81,60,100,115,70,85,90,2
602,Tynamo,Electric,,Levitate,,,0.2,0.3,35,55,40,45,40,60,
603,Eelektrik,Electric,,Levitate,,,1.2,22,65,85,70,75,70,40,
604,Eelektross,Electric,,Levitate,,,2.1,80.5,85,115,80,105,80,50,
605,Elgyem,Psychic,,Telepathy,Synchronize,Analytic,0.5,9,55,55,55,85,55,30,
606,Beheeyem,Psychic,,Telepathy,Synchronize,Analytic,1,34.5,75,75,75,125,95,40,
607,Litwick,Ghost,Fire,Flash Fire,Flame Body,Infiltrator,0.3,3.1,50,30,55,65,55,20,
608,Lampent,Ghost,Fire,Flash Fire,Flame Body,Infiltrator,0.6,13,60,40,60,95,60,55,
609,Chandelure,Ghost,Fire,Flash Fire,Flame Body,Infiltrator,1,34.3,60,55,90,145,90,80,
610,Axew,Dragon,,Rivalry,Mold Breaker,Unnerve,0.6,18,46,87,60,30,40,57,
611,Fraxure,Dragon,,Rivalry,Mold Breaker,Unnerve,1,36,66,117,70,40,50,67,
612,Haxorus,Dragon,,Rivalry,Mold Breaker,Unnerve,1.8,105.5,76,147,90,60,70,97,
613,Cubchoo,Ice,,Snow Cloak,Slush Rush,Rattled,0.5,8.5,55,70,40,60,40,40,
614,Beartic,Ice,,Snow Cloak,Slush Rush,Swift Swim,2.6,260,95,130,80,70,80,50,
615,Cryogonal,Ice,,Levitate,,,1.1,148,80,50,50,95,135,105,2
616,Shelmet,Bug,,Hydration,Shell Armor,Overcoat,0.4,7.7,50,40,85,40,65,25,
617,Accelgor,Bug,,Hydration,Sticky Hold,Unburden,0.8,25.3,80,70,40,100,60,145,
618,Stunfisk,Ground,Electric,Static,Limber,Sand Veil,0.7,11,109,66,84,81,99,32,
,Stunfisk-Galar,Ground,Steel,Mimicry,,,0.7,20.5,109,66,84,81,99,32,
619,Mienfoo,Fighting,,Inner Focus,Regenerator,Reckless,0.9,20,45,85,50,55,50,65,
620,Mienshao,Fighting,,Inner Focus,Regenerator,Reckless,1.4,35.5,65,125,60,95,60,105,
621,Druddigon,Dragon,,Rough Skin,Sheer Force,Mold Breaker,1.6,139,77,120,90,60,90,48,
622,Golett,Ground,Ghost,Iron Fist,Klutz,No Guard,1,92,59,74,50,35,50,35,2
623,Golurk,Ground,Ghost,Iron Fist,Klutz,No Guard,2.8,330,89,124,80,55,80,55,2
624,Pawniard,Dark,Steel,Defiant,Inner Focus,Pressure,0.5,10.2,45,85,70,40,40,60,
625,Bisharp,Dark,Steel,Defiant,Inner Focus,Pressure,1.6,70,65,125,100,60,70,70,
626,Bouffalant,Normal,,Reckless,Sap Sipper,Soundproof,1.6,94.6,95,110,95,40,95,55,
627,Rufflet,Normal,Flying,Keen Eye,Sheer Force,Hustle,0.5,10.5,70,83,50,37,50,60,1
628,Braviary,Normal,Flying,Keen Eye,Sheer Force,Defiant,1.5,41,100,123,75,57,75,80,1
,Braviary-Hisui,Psychic,Flying,Keen Eye,Sheer Force,Tinted Lens,1.7,43.4,110,83,70,112,70,65,1
629,Vullaby,Dark,Flying,Big Pecks,Overcoat,Weak Armor,0.5,9,70,55,75,45,65,60,0
630,Mandibuzz,Dark,Flying,Big Pecks,Overcoat,Weak Armor,1.2,39.5,110,65,105,55,95,80,0
631,Heatmor,Fire,,Gluttony,Flash Fire,White Smoke,1.4,58,85,97,66,105,66,65,
632,Durant,Bug,Steel,Swarm,Hustle,Truant,0.3,33,58,109,112,48,48,109,
633,Deino,Dark,Dragon,Hustle,,,0.8,17.3,52,65,50,45,50,38,
634,Zweilous,Dark,Dragon,Hustle,,,1.4,50,72,85,70,65,70,58,
635,Hydreigon,Dark,Dragon,Levitate,,,1.8,160,92,105,90,125,90,98,
636,Larvesta,Bug,Fire,Flame Body,,Swarm,1.1,28.8,55,85,55,50,55,60,
637,Volcarona,Bug,Fire,Flame Body,,Swarm,1.6,46,85,60,65,135,105,100,
638,Cobalion,Steel,Fighting,Justified,,,2.1,250,91,90,129,90,72,108,2
639,Terrakion,Rock,Fighting,Justified,,,1.9,260,91,129,90,72,90,108,2
640,Virizion,Grass,Fighting,Justified,,,2,200,91,90,72,90,129,108,2
641,Tornadus,Flying,,Prankster,,Defiant,1.5,63,79,115,70,125,80,111,1
,Tornadus-Therian,Flying,,Regenerator,,,1.4,63,79,100,80,110,90,121,1
642,Thundurus,Electric,Flying,Prankster,,Defiant,1.5,61,79,115,70,125,80,111,1
,Thundurus-Therian,Electric,Flying,Volt Absorb,,,3,61,79,105,70,145,80,101,1
643,Reshiram,Dragon,Fire,Turboblaze,,,3.2,330,100,120,100,150,120,90,2
644,Zekrom,Dragon,Electric,Teravolt,,,2.9,345,100,150,120,120,100,90,2
645,Landorus,Ground,Flying,Sand Force,,Sheer Force,1.5,68,89,125,90,115,80,101,1
,Landorus-Therian,Ground,Flying,Intimidate,,,1.3,68,89,145,90,105,80,91,1
646,Kyurem,Dragon,Ice,Pressure,,,3,325,125,130,90,130,90,95,2
,Kyurem-Black,Dragon,Ice,Teravolt,,,3.3,325,125,170,100,120,90,95,2
,Kyurem-White,Dragon,Ice,Turboblaze,,,3.6,325,125,120,90,170,100,95,2
647,Keldeo,Water,Fighting,Justified,,,1.4,48.5,91,72,90,129,90,108,2
648,Meloetta-Aria,Normal,Psychic,Serene Grace,,,0.6,6.5,100,77,77,128,128,90,2
,Meloetta-Pirouette,Normal,Fighting,Serene Grace,,,0.6,6.5,100,128,90,77,77,128,2
649,Genesect,Bug,Steel,Download,,,1.5,82.5,71,120,95,120,95,99,2
650,Chespin,Grass,,Overcoat,,Bulletproof,0.4,9,56,61,65,48,45,38,
651,Quilladin,Grass,,Overcoat,,Bulletproof,0.7,29,61,78,95,56,58,57,
652,Chesnaught,Grass,Fighting,Overcoat,,Bulletproof,1.6,90,88,107,122,74,75,64,
653,Fennekin,Fire,,Blaze,,Magician,0.4,9.4,40,45,40,62,60,60,
654,Braixen,Fire,,Blaze,,Magician,1,14.5,59,59,58,90,70,73,
655,Delphox,Fire,Psychic,Blaze,,Magician,1.5,39,75,69,72,114,100,104,
656,Froakie,Water,,Torrent,,Protean,0.3,7,41,56,40,62,44,71,
657,Frogadier,Water,,Torrent,,Protean,0.6,10.9,54,63,52,83,56,97,
658,Greninja,Water,Dark,Torrent,,Protean,1.5,40,72,95,67,103,71,122,
,Greninja-Battle-Bond,Water,Dark,Battle Bond,,,1.5,40,72,95,67,103,71,122,
659,Bunnelby,Normal,,Pickup,Cheek Pouch,Huge Power,0.4,5,38,36,38,32,36,57,
660,Diggersby,Normal,Ground,Pickup,Cheek Pouch,Huge Power,1,42.4,85,56,77,50,77,78,
661,Fletchling,Normal,Flying,Big Pecks,,Gale Wings,0.3,1.7,45,50,43,40,38,62,
662,Fletchinder,Fire,Flying,Flame Body,,Gale Wings,0.7,16,62,73,55,56,52,84,
663,Talonflame,Fire,Flying,Flame Body,,Gale Wings,1.2,24.5,78,81,71,74,69,126,
664,Scatterbug,Bug,,Shield Dust,Compound Eyes,Friend Guard,0.3,2.5,38,35,40,27,25,35,
665,Spewpa,Bug,,Shed Skin,,Friend Guard,0.3,8.4,45,22,60,27,30,29,
666,Vivillon,Bug,Flying,Shield Dust,Compound Eyes,Friend Guard,1.2,17,80,52,50,90,50,89,
667,Litleo,Fire,Normal,Rivalry,Unnerve,Moxie,0.6,13.5,62,50,58,73,54,72,
668,Pyroar,Fire,Normal,Rivalry,Unnerve,Moxie,1.5,81.5,86,68,72,109,66,106,
669,Flabb,Fairy,,Flower Veil,,Symbiosis,0.1,0.1,44,38,39,61,79,42,0
670,Floette,Fairy,,Flower Veil,,Symbiosis,0.2,0.9,54,45,47,75,98,52,0
671,Florges,Fairy,,Flower Veil,,Symbiosis,1.1,10,78,65,68,112,154,75,0
672,Skiddo,Grass,,Sap Sipper,,Grass Pelt,0.9,31,66,65,48,62,57,52,
673,Gogoat,Grass,,Sap Sipper,,Grass Pelt,1.7,91,123,100,62,97,81,68,
674,Pancham,Fighting,,Iron Fist,Mold Breaker,Scrappy,0.6,8,67,82,62,46,48,43,
675,Pangoro,Fighting,Dark,Iron Fist,Mold Breaker,Scrappy,2.1,136,95,124,78,69,71,58,
676,Furfrou,Normal,,Fur Coat,,,1.2,28,75,80,60,65,90,102,
677,Espurr,Psychic,,Keen Eye,Infiltrator,Own Tempo,0.3,3.5,62,48,54,63,60,68,
678,Meowstic-Male,Psychic,,Keen Eye,Infiltrator,Prankster,0.6,8.5,74,48,76,83,81,104,1
,Meowstic-Female,Psychic,,Keen Eye,Infiltrator,Competitive,0.6,8.5,74,48,76,83,81,104,0
679,Honedge,Steel,Ghost,No Guard,,,0.8,2,45,80,100,35,37,28,
680,Doublade,Steel,Ghost,No Guard,,,0.8,4.5,59,110,150,45,49,35,
681,Aegislash-Shield,Steel,Ghost,Stance Change,,,1.7,53,60,50,140,50,140,60,
,Aegislash-Blade,Steel,Ghost,Stance Change,,,1.7,53,60,140,50,140,50,60,
682,Spritzee,Fairy,,Healer,,Aroma Veil,0.2,0.5,78,52,60,63,65,23,
683,Aromatisse,Fairy,,Healer,,Aroma Veil,0.8,15.5,101,72,72,99,89,29,
684,Swirlix,Fairy,,Sweet Veil,,Unburden,0.4,3.5,62,48,66,59,57,49,
685,Slurpuff,Fairy,,Sweet Veil,,Unburden,0.8,5,82,80,86,85,75,72,
686,Inkay,Dark,Psychic,Contrary,Suction Cups,Infiltrator,0.4,3.5,53,54,53,37,46,45,
687,Malamar,Dark,Psychic,Contrary,Suction Cups,Infiltrator,1.5,47,86,92,88,68,75,73,
688,Binacle,Rock,Water,Tough Claws,Sniper,Pickpocket,0.5,31,42,52,67,39,56,50,
689,Barbaracle,Rock,Water,Tough Claws,Sniper,Pickpocket,1.3,96,72,105,115,54,86,68,
690,Skrelp,Poison,Water,Poison Point,Poison Touch,Adaptability,0.5,7.3,50,60,60,60,60,30,
691,Dragalge,Poison,Dragon,Poison Point,Poison Touch,Adaptability,1.8,81.5,65,75,90,97,123,44,
692,Clauncher,Water,,Mega Launcher,,,0.5,8.3,50,53,62,58,63,44,
693,Clawitzer,Water,,Mega Launcher,,,1.3,35.3,71,73,88,120,89,59,
694,Helioptile,Electric,Normal,Dry Skin,Sand Veil,Solar Power,0.5,6,44,38,33,61,43,70,
695,Heliolisk,Electric,Normal,Dry Skin,Sand Veil,Solar Power,1,21,62,55,52,109,94,109,
696,Tyrunt,Rock,Dragon,Strong Jaw,,Sturdy,0.8,26,58,89,77,45,45,48,
697,Tyrantrum,Rock,Dragon,Strong Jaw,,Rock Head,2.5,270,82,121,119,69,59,71,
698,Amaura,Rock,Ice,Refrigerate,,Snow Warning,1.3,25.2,77,59,50,67,63,46,
699,Aurorus,Rock,Ice,Refrigerate,,Snow Warning,2.7,225,123,77,72,99,92,58,
700,Sylveon,Fairy,,Cute Charm,,Pixilate,1,23.5,95,65,65,110,130,60,
701,Hawlucha,Fighting,Flying,Limber,Unburden,Mold Breaker,0.8,21.5,78,92,75,74,63,118,
702,Dedenne,Electric,Fairy,Cheek Pouch,Pickup,Plus,0.2,2.2,67,58,57,81,67,101,
703,Carbink,Rock,Fairy,Clear Body,,Sturdy,0.3,5.7,50,50,150,50,150,50,2
704,Goomy,Dragon,,Sap Sipper,Hydration,Gooey,0.3,2.8,45,50,35,55,75,40,
705,Sliggoo,Dragon,,Sap Sipper,Hydration,Gooey,0.8,17.5,68,75,53,83,113,60,
,Sliggoo-Hisui,Steel,Dragon,Sap Sipper,Shell Armor,Gooey,0.7,68.5,58,75,83,83,113,40,
706,Goodra,Dragon,,Sap Sipper,Hydration,Gooey,2,150.5,90,100,70,110,150,80,
,Goodra-Hisui,Steel,Dragon,Sap Sipper,Shell Armor,Gooey,1.7,334.1,80,100,100,110,150,60,
707,Klefki,Steel,Fairy,Prankster,,Magician,0.2,3,57,80,91,80,87,75,
708,Phantump,Ghost,Grass,Natural Cure,Frisk,Harvest,0.4,7,43,70,48,50,60,38,
709,Trevenant,Ghost,Grass,Natural Cure,Frisk,Harvest,1.5,71,85,110,76,65,82,56,
710,Pumpkaboo-Average,Ghost,Grass,Pickup,Frisk,Insomnia,0.4,5,49,66,70,44,55,51,
,Pumpkaboo-Small,Ghost,Grass,Pickup,Frisk,Insomnia,0.3,3.5,44,66,70,44,55,56,
,Pumpkaboo-Large,Ghost,Grass,Pickup,Frisk,Insomnia,0.5,7.5,54,66,70,44,55,46,
,Pumpkaboo-Super,Ghost,Grass,Pickup,Frisk,Insomnia,0.8,15,59,66,70,44,55,41,
711,Gourgeist-Average,Ghost,Grass,Pickup,Frisk,Insomnia,0.9,12.5,65,90,122,58,75,84,
,Gourgeist-Small,Ghost,Grass,Pickup,Frisk,Insomnia,0.7,9.5,55,85,122,58,75,99,
,Gourgeist-Large,Ghost,Grass,Pickup,Frisk,Insomnia,1.1,14,75,95,122,58,75,69,
,Gourgeist-Super,Ghost,Grass,Pickup,Frisk,Insomnia,1.7,39,85,100,122,58,75,54,
712,Bergmite,Ice,,Own Tempo,Ice Body,Sturdy,1,99.5,55,69,85,32,35,28,
713,Avalugg,Ice,,Own Tempo,Ice Body,Sturdy,2,505,95,117,184,44,46,28,
,Avalugg-Hisui,Ice,Rock,Strong Jaw,Ice Body,Sturdy,1.4,262.4,95,127,184,34,36,38,
714,Noibat,Flying,Dragon,Frisk,Infiltrator,Telepathy,0.5,8,40,30,35,45,40,55,
715,Noivern,Flying,Dragon,Frisk,Infiltrator,Telepathy,1.5,85,85,70,80,97,80,123,
716,Xerneas,Fairy,,Fairy Aura,,,3,215,126,131,95,131,98,99,2
717,Yveltal,Dark,Flying,Dark Aura,,,5.8,203,126,131,95,131,98,99,2
718,Zygarde-50,Dragon,Ground,Aura Break,Power Construct,,5,305,108,100,121,81,95,95,2
,Zygarde-10,Dragon,Ground,Aura Break,Power Construct,,1.2,33.5,54,100,71,61,85,115,
,Zygarde-Complete,Dragon,Ground,Power Construct,,,4.5,610,216,100,121,91,95,85,
719,Diancie,Rock,Fairy,Clear Body,,,0.7,8.8,50,100,150,100,150,50,2
,Mega Diancie,Rock,Fairy,Magic Bounce,,,1.1,27.8,50,160,110,160,110,110,2
720,Hoopa,Psychic,Ghost,Magician,,,0.5,9,80,110,60,150,130,70,2
,Hoopa-Unbound,Psychic,Dark,Magician,,,6.5,490,80,160,60,170,130,80,2
721,Volcanion,Fire,Water,Water Absorb,,,1.7,195,80,110,120,130,90,70,2
722,Rowlet,Grass,Flying,Overgrow,,Long Reach,0.3,1.5,68,55,55,50,50,42,
723,Dartrix,Grass,Flying,Overgrow,,Long Reach,0.7,16,78,75,75,70,70,52,
724,Decidueye,Grass,Ghost,Overgrow,,Long Reach,1.6,36.6,78,107,75,100,100,70,
,Decidueye-Hisui,Grass,Fighting,Overgrow,,Scrappy,1.6,37,88,112,80,95,95,60,
725,Litten,Fire,,Blaze,,Intimidate,0.4,4.3,45,65,40,60,40,70,
726,Torracat,Fire,,Blaze,,Intimidate,0.7,25,65,85,50,80,50,90,
727,Incineroar,Fire,Dark,Blaze,,Intimidate,1.8,83,95,115,90,80,90,60,
728,Popplio,Water,,Torrent,,Liquid Voice,0.4,7.5,50,54,54,66,56,40,
729,Brionne,Water,,Torrent,,Liquid Voice,0.6,17.5,60,69,69,91,81,50,
730,Primarina,Water,Fairy,Torrent,,Liquid Voice,1.8,44,80,74,74,126,116,60,
731,Pikipek,Normal,Flying,Keen Eye,Skill Link,Pickup,0.3,1.2,35,75,30,30,30,65,
732,Trumbeak,Normal,Flying,Keen Eye,Skill Link,Pickup,0.6,14.8,55,85,50,40,50,75,
733,Toucannon,Normal,Flying,Keen Eye,Skill Link,Sheer Force,1.1,26,80,120,75,75,75,60,
734,Yungoos,Normal,,Stakeout,Strong Jaw,Adaptability,0.4,6,48,70,30,30,30,45,
735,Gumshoos,Normal,,Stakeout,Strong Jaw,Adaptability,0.7,14.2,88,110,60,55,60,45,
736,Grubbin,Bug,,Swarm,,,0.4,4.4,47,62,45,55,45,46,
737,Charjabug,Bug,Electric,Battery,,,0.5,10.5,57,82,95,55,75,36,
738,Vikavolt,Bug,Electric,Levitate,,,1.5,45,77,70,90,145,75,43,
739,Crabrawler,Fighting,,Hyper Cutter,Iron Fist,Anger Point,0.6,7,47,82,57,42,47,63,
740,Crabominable,Fighting,Ice,Hyper Cutter,Iron Fist,Anger Point,1.7,180,97,132,77,62,67,43,
741,Oricorio-Baile,Fire,Flying,Dancer,,,0.6,3.4,75,70,70,98,70,93,
,Oricorio-Pom-Pom,Electric,Flying,Dancer,,,0.6,3.4,75,70,70,98,70,93,
,Oricorio-Pa'u,Psychic,Flying,Dancer,,,0.6,3.4,75,70,70,98,70,93,
,Oricorio-Sensu,Ghost,Flying,Dancer,,,0.6,3.4,75,70,70,98,70,93,
742,Cutiefly,Bug,Fairy,Honey Gather,Shield Dust,Sweet Veil,0.1,0.2,40,45,40,55,40,84,
743,Ribombee,Bug,Fairy,Honey Gather,Shield Dust,Sweet Veil,0.2,0.5,60,55,60,95,70,124,
744,Rockruff,Rock,,Keen Eye,Vital Spirit,Steadfast,0.5,9.2,45,65,40,30,40,60,
,Rockruff-Own-Tempo,Rock,,Own Tempo,,,0.5,9.2,45,65,40,30,40,60,
745,Lycanroc-Midday,Rock,,Keen Eye,Sand Rush,Steadfast,0.8,25,75,115,65,55,65,112,
,Lycanroc-Midnight,Rock,,Keen Eye,Vital Spirit,Sand Guard,1.1,25,85,115,75,55,75,82,
,Lycanroc-Dusk,Rock,,Tough Claws,,,0.8,25,75,117,65,55,65,110,
746,Wishiwashi-Solo,Water,,Schooling,,,0.2,0.3,45,20,20,25,25,40,
,Wishiwashi-School,Water,,Schooling,,,8.2,78.6,45,140,130,140,135,30,
747,Mareanie,Poison,Water,Merciless,Limber,Regenerator,0.4,8,50,53,62,43,52,45,
748,Toxapex,Poison,Water,Merciless,Limber,Regenerator,0.7,14.5,50,63,152,53,142,35,
749,Mudbray,Ground,,Own Tempo,Stamina,Inner Focus,1,110,70,100,70,45,55,45,
750,Mudsdale,Ground,,Own Tempo,Stamina,Inner Focus,2.5,920,100,125,100,55,85,35,
751,Dewpider,Water,Bug,Water Bubble,,Water Absorb,0.3,4,38,40,52,40,72,27,
752,Araquanid,Water,Bug,Water Bubble,,Water Absorb,1.8,82,68,70,92,50,132,42,
753,Fomantis,Grass,,Leaf Guard,,Contrary,0.3,1.5,40,55,35,50,35,35,
754,Lurantis,Grass,,Leaf Guard,,Contrary,0.9,18.5,70,105,90,80,90,45,
755,Morelull,Grass,Fairy,Illuminate,Effect Spore,Rain Dish,0.2,1.5,40,35,55,65,75,15,
756,Shiinotic,Grass,Fairy,Illuminate,Effect Spore,Rain Dish,1,11.5,60,45,80,90,100,30,
757,Salandit,Poison,Fire,Corrosion,,Oblivious,0.6,4.8,48,44,40,71,40,77,
758,Salazzle,Poison,Fire,Corrosion,,Oblivious,1.2,22.2,68,64,60,111,60,117,0
759,Stufful,Normal,Fighting,Fluffy,Klutz,Cute Charm,0.5,6.8,70,75,50,45,50,50,
760,Bewear,Normal,Fighting,Fluffy,Klutz,Unnerve,2.1,135,120,125,80,55,60,60,
761,Bounsweet,Grass,,Leaf Guard,Oblivious,Sweet Veil,0.3,3.2,42,30,38,30,38,32,0
762,Steenee,Grass,,Leaf Guard,Oblivious,Sweet Veil,0.7,8.2,52,40,48,40,48,62,0
763,Tsareena,Grass,,Leaf Guard,Queenly Majesty,Sweet Veil,1.2,21.4,72,120,98,50,98,72,0
764,Comfey,Fairy,,Flower Veil,Triage,Natural Cure,0.1,0.3,51,52,90,82,110,100,
765,Oranguru,Normal,Psychic,Inner Focus,Telepathy,Symbiosis,1.5,76,90,60,80,90,110,60,
766,Passimian,Fighting,,Receiver,,Defiant,2,82.8,100,120,90,40,60,80,
767,Wimpod,Bug,Water,Wimp Out,,,0.5,12,25,35,40,20,30,80,
768,Golisopod,Bug,Water,Emergency Exit,,,2,108,75,125,140,60,90,40,
769,Sandygast,Ghost,Ground,Water Compaction,,Sand Veil,0.5,70,55,55,80,70,45,15,
770,Palossand,Ghost,Ground,Water Compaction,,Sand Veil,1.3,250,85,75,110,100,75,35,
771,Pyukumuku,Water,,Innards Out,,Unaware,0.3,1.2,55,60,130,30,130,5,
772,Type: Null,Normal,,Battle Armor,,,1.9,120.5,95,95,95,95,95,59,2
773,Silvally,Normal,,RKS System,,,2.3,100.5,95,95,95,95,95,95,2
774,Minior-Meteor,Rock,Flying,Shields Down,,,0.3,40,60,60,100,60,100,60,2
,Minior-Core,Rock,Flying,Shields Down,,,0.3,0.3,60,100,60,100,60,120,
775,Komala,Normal,,Comatose,,,0.4,19.9,65,115,65,75,95,65,
776,Turtonator,Fire,Dragon,Shell Armor,,,2,212,60,78,135,91,85,36,
777,Togedemaru,Electric,Steel,Iron Barbs,Lightning Rod,Sturdy,0.3,3.3,65,98,63,40,73,96,
778,Mimikyu,Ghost,Fairy,Disguise,,,0.2,0.7,55,90,80,50,105,96,
779,Bruxish,Water,Psychic,Dazzling,Strong Jaw,Wonder Skin,0.9,19,68,105,70,70,70,92,
780,Drampa,Normal,Dragon,Berserk,Sap Sipper,Cloud Nine,3,185,78,60,85,135,91,36,
781,Dhelmise,Ghost,Grass,Steelworker,,,3.9,210,70,131,100,86,90,40,2
782,Jangmo-o,Dragon,,Bulletproof,Soundproof,Overcoat,0.6,29.7,45,55,65,45,45,45,
783,Hakamo-o,Dragon,Fighting,Bulletproof,Soundproof,Overcoat,1.2,47,55,75,90,65,70,65,
784,Kommo-o,Dragon,Fighting,Bulletproof,Soundproof,Overcoat,1.6,78.2,75,110,125,100,105,85,
785,Tapu Koko,Electric,Fairy,Electric Surge,,Telepathy,1.8,20.5,70,115,85,95,75,130,2
786,Tapu Lele,Psychic,Fairy,Psychic Surge,,Telepathy,1.2,18.6,70,85,75,130,115,95,2
787,Tapu Bulu,Grass,Fairy,Grassy Surge,,Telepathy,1.9,45.5,70,130,115,85,95,75,2
788,Tapu Fini,Water,Fairy,Misty Surge,,Telepathy,1.3,21.2,70,75,115,95,130,85,2
789,Cosmog,Psychic,,Unaware,,,0.2,0.1,43,29,31,29,31,37,2
790,Cosmoem,Psychic,,Sturdy,,,0.1,999.9,43,29,131,29,131,37,2
791,Solgaleo,Psychic,Steel,Full Metal Body,,,3.4,230,137,137,107,113,89,97,2
792,Lunala,Psychic,Ghost,Shadow Shield,,,4,120,137,113,89,137,107,97,2
793,Nihilego,Rock,Poison,Beast Boost,,,1.2,55.5,109,53,47,127,131,103,2
794,Buzzwole,Bug,Fighting,Beast Boost,,,2.4,333.6,107,139,139,53,53,79,2
795,Pheromosa,Bug,Fighting,Beast Boost,,,1.8,25,71,137,37,137,37,151,2
796,Xurkitree,Electric,,Beast Boost,,,3.8,100,83,89,71,173,71,83,2
797,Celesteela,Steel,Flying,Beast Boost,,,9.2,999.9,97,101,103,107,101,61,2
798,Kartana,Grass,Steel,Beast Boost,,,0.3,0.1,59,181,131,59,31,109,2
799,Guzzlord,Dark,Dragon,Beast Boost,,,5.5,888,223,101,53,97,53,43,2
800,Necrozma,Psychic,,Prism Armor,,,2.4,230,97,107,101,127,89,79,2
,Necrozma-Dusk Mane,Psychic,Steel,Prism Armor,,,3.8,460,97,157,127,113,109,77,2
,Necrozma-Dawn-Wings,Psychic,Ghost,Prism Armor,,,4.2,350,97,113,109,157,127,77,2
,Necrozma-Ultra,Psychic,Dragon,Neuroforce,,,7.5,230,97,167,97,167,97,129,2
801,Magearna,Steel,Fairy,Soul Heart,,,1,80.5,80,95,115,130,115,65,2
802,Marshadow,Fighting,Ghost,Technician,,,0.7,22.2,90,125,80,90,90,125,2
803,Poipole,Poison,,Beast Boost,,,0.6,1.8,67,73,67,73,67,73,2
804,Naganadel,Poison,Dragon,Beast Boost,,,3.6,150,73,73,73,127,73,121,2
805,Stakataka,Rock,Steel,Beast Boost,,,5.5,820,61,131,211,53,101,13,2
806,Blacephalon,Fire,Ghost,Beast Boost,,,1.8,13,53,127,53,151,79,107,2
807,Zeraora,Electric,,Volt Absorb,,,1.5,44.5,88,112,75,102,80,143,2
808,Meltan,Steel,,Magnet Pull,,,0.2,8,46,65,65,55,35,34,2
809,Melmetal,Steel,,Iron Fist,,,2.5,800,135,143,143,80,65,34,2
810,Grookey,Grass,,Overgrow,,Grassy Surge,0.3,5,50,65,50,40,40,65,
811,Thwackey,Grass,,Overgrow,,Grassy Surge,0.7,14,70,85,70,55,60,80,
812,Rillaboom,Grass,,Overgrow,,Grassy Surge,2.1,90,100,125,90,60,70,85,
813,Scorbunny,Fire,,Blaze,,Libero,0.3,4.5,50,71,40,40,40,69,
814,Raboot,Fire,,Blaze,,Libero,0.6,9,65,86,60,55,60,94,
815,Cinderace,Fire,,Blaze,,Libero,1.4,33,80,116,75,65,75,119,
816,Sobble,Water,,Torrent,,Sniper,0.3,4,50,40,40,70,40,70,
817,Drizzile,Water,,Torrent,,Sniper,0.7,11.5,65,60,55,95,55,90,
818,Inteleon,Water,,Torrent,,Sniper,1.9,45.2,70,85,65,125,65,120,
819,Skwovet,Normal,,Cheek Pouch,,Gluttony,0.3,2.5,70,55,55,35,35,25,
820,Greedent,Normal,,Cheek Pouch,,Gluttony,0.6,6,120,95,95,55,75,20,
821,Rookidee,Flying,,Keen Eye,Unnerve,Big Pecks,0.2,1.8,38,47,35,33,35,57,
822,Corvisquire,Flying,,Keen Eye,Unnerve,Big Pecks,0.8,16,68,67,55,43,55,77,
823,Corviknight,Flying,Steel,Pressure,Unnerve,Mirror Armor,2.2,75,98,87,105,53,85,67,
824,Blipbug,Bug,,Swarm,Compound Eyes,Telepathy,0.4,8,25,20,20,25,45,45,
825,Dottler,Bug,Psychic,Swarm,Compound Eyes,Telepathy,0.4,19.5,50,35,80,50,90,30,
826,Orbeetle,Bug,Psychic,Swarm,Frisk,Telepathy,0.4,40.8,60,45,110,80,120,90,
827,Nickit,Dark,,Run Away,Unburden,Stakeout,0.6,8.9,40,28,28,47,52,50,
828,Thievul,Dark,,Run Away,Unburden,Stakeout,1.2,19.9,70,58,58,87,92,90,
829,Gossifleur,Grass,,Cotton Down,Regenerator,Effect Spore,0.4,2.2,40,40,60,40,60,10,
830,Eldegoss,Grass,,Cotton Down,Regenerator,Effect Spore,0.5,2.5,60,50,90,80,120,60,
831,Wooloo,Normal,,Fluffy,Run Away,Bulletproof,0.6,6,42,40,55,40,45,48,
832,Dubwool,Normal,,Fluffy,Steadfast,Bulletproof,1.3,43,72,80,100,60,90,88,
833,Chewtle,Water,,Strong Jaw,Shell Armor,Swift Swim,0.3,8.5,50,64,50,38,38,44,
834,Drednaw,Water,Rock,Strong Jaw,Shell Armor,Swift Swim,1,115.5,90,115,90,48,68,74,
835,Yamper,Electric,,Ball Fetch,,Rattled,0.3,13.5,59,45,50,40,50,26,
836,Boltund,Electric,,Strong Jaw,,Competitive,1,34,69,90,60,90,60,121,
837,Rolycoly,Rock,,Steam Engine,Heatproof,Flash Fire,0.3,12,30,40,50,40,50,30,
838,Carkol,Rock,Fire,Steam Engine,Flame Body,Flash Fire,1.1,78,80,60,90,60,70,50,
839,Coalossal,Rock,Fire,Steam Engine,Flame Body,Flash Fire,2.8,310.5,110,80,120,80,90,30,
840,Applin,Grass,Dragon,Ripen,Gluttony,Bulletproof,0.2,0.5,40,40,80,40,40,20,
841,Flapple,Grass,Dragon,Ripen,Gluttony,Hustle,0.3,1,70,110,80,95,60,70,
842,Appletun,Grass,Dragon,Ripen,Gluttony,Thick Fat,0.4,13,110,85,80,100,80,30,
843,Silicobra,Ground,,Sand Spit,Shed Skin,Sand Veil,2.2,7.6,52,57,75,35,50,46,
844,Sandaconda,Ground,,Sand Spit,Shed Skin,Sand Veil,3.8,65.5,72,107,125,65,70,71,
845,Cramorant,Flying,Water,Gulp Missile,,,0.8,18,70,85,55,85,95,85,
846,Arrokuda,Water,,Swift Swim,,Propeller Tail,0.5,1,41,63,40,40,30,66,
847,Barraskewda,Water,,Swift Swim,,Propeller Tail,1.3,30,61,123,60,60,50,136,
848,Toxel,Electric,Poison,Rattled,Static,Klutz,0.4,11,40,38,35,54,35,40,
849,Toxtricity-Amped,Electric,Poison,Punk Rock,Plus,Technician,1.6,40,75,98,70,114,70,75,
,Toxtricity-Low-Key,Electric,Poison,Punk Rock,Minus,Technician,1.6,40,75,98,70,114,70,75,
850,Sizzlipede,Fire,Bug,Flash Fire,White Smoke,Flame Body,0.7,1,50,65,45,50,50,45,
851,Centiskorch,Fire,Bug,Flash Fire,White Smoke,Flame Body,3,120,100,115,65,90,90,65,
852,Clobbopus,Fighting,,Limber,,Technician,0.6,4,50,68,60,50,50,32,
853,Grapploct,Fighting,,Limber,,Technician,1.6,39,80,118,90,70,80,42,
854,Sinistea,Ghost,,Weak Armor,,Cursed Body,0.1,0.2,40,45,45,74,54,50,2
855,Polteageist,Ghost,,Weak Armor,,Cursed Body,0.2,0.4,60,65,65,134,114,70,2
856,Hatenna,Psychic,,Healer,Anticipation,Magic Bounce,0.4,3.4,42,30,45,56,53,39,0
857,Hattrem,Psychic,,Healer,Anticipation,Magic Bounce,0.6,4.8,57,40,65,86,73,49,0
858,Hatterene,Psychic,Fairy,Healer,Anticipation,Magic Bounce,2.1,5.1,57,90,95,136,103,29,0
859,Impidimp,Dark,Fairy,Prankster,Frisk,Pickpocket,0.4,5.5,45,45,30,55,40,50,1
860,Morgrem,Dark,Fairy,Prankster,Frisk,Pickpocket,0.8,12.5,65,60,45,75,55,70,1
861,Grimmsnarl,Dark,Fairy,Prankster,Frisk,Pickpocket,1.5,61,95,120,65,95,75,60,1
862,Obstagoon,Dark,Normal,Reckless,Guts,Defiant,1.6,46,93,90,101,60,81,95,
863,Perrserker,Steel,,Battle Armor,Tough Claws,Steely Spirit,0.8,28,70,110,100,50,60,50,
864,Cursola,Ghost,,Weak Armor,,Perish Body,1,0.4,60,95,50,145,130,30,
865,Sirfetch'd,Fighting,,Steadfast,,Scrappy,0.8,117,62,135,95,68,82,65,
866,Mr. Rime,Ice,Psychic,Tangled Feet,Screen Cleaner,Ice Body,1.5,58.2,80,85,75,110,100,70,
867,Runerigus,Ground,Ghost,Wandering Spirit,,,1.6,66.6,58,95,145,50,105,30,
868,Milcery,Fairy,,Sweet Veil,,Aroma Veil,0.2,0.3,45,40,40,50,61,34,0
869,Alcremie,Fairy,,Sweet Veil,,Aroma Veil,0.3,0.5,65,60,75,110,121,64,0
870,Falinks,Fighting,,Battle Armor,,Defiant,3,62,65,100,100,70,60,75,2
871,Pincurchin,Electric,,Lightning Rod,,Electric Surge,0.3,1,48,101,95,91,85,15,
872,Snom,Ice,Bug,Shield Dust,,Ice Scales,0.3,3.8,30,25,35,45,30,20,
873,Frosmoth,Ice,Bug,Shield Dust,,Ice Scales,1.3,42,70,65,60,125,90,65,
874,Stonjourner,Rock,,Power Spot,,,2.5,520,100,125,135,20,20,70,
875,Eiscue-Ice,Ice,,Ice Face,,,1.4,89,75,80,110,65,90,50,
,Eiscue-Noice,Ice,,Ice Face,,,1.4,89,75,80,70,65,50,130,
876,Indeedee-Male,Psychic,Normal,Inner Focus,Synchronize,Psychic Surge,0.9,28,60,65,55,105,95,95,1
,Indeedee-Female,Psychic,Normal,Own Tempo,Synchronize,Psychic Surge,0.9,28,60,55,65,95,105,85,0
877,Morpeko,Electric,Dark,Hunger Switch,,,0.3,3,58,95,58,70,58,97,
878,Cufant,Steel,,Sheer Force,,Heavy Metal,1.2,100,72,80,49,40,49,40,
879,Copperajah,Steel,,Sheer Force,,Heavy Metal,3,650,122,130,69,80,69,30,
880,Dracozolt,Electric,Dragon,Volt Absorb,Hustle,Sand Rush,1.8,190,90,100,90,80,70,75,2
881,Arctozolt,Electric,Ice,Volt Absorb,Static,Slush Rush,2.3,150,90,100,90,90,80,55,2
882,Dracovish,Water,Dragon,Water Absorb,Strong Jaw,Sand Rush,2.3,215,90,90,100,70,80,75,2
883,Arctovish,Water,Ice,Water Absorb,Ice Body,Slush Rush,2,175,90,90,100,80,90,55,2
884,Duraludon,Steel,Dragon,Light Metal,Heavy Metal,Stalwart,1.8,40,70,95,115,120,50,85,
885,Dreepy,Dragon,Ghost,Clear Body,Infiltrator,Cursed Body,0.5,2,28,60,30,40,30,82,
886,Drakloak,Dragon,Ghost,Clear Body,Infiltrator,Cursed Body,1.4,11,68,80,50,60,50,102,
887,Dragapult,Dragon,Ghost,Clear Body,Infiltrator,Cursed Body,3,50,88,120,75,100,75,142,
888,Zacian,Fairy,,Intrepid Sword,,,2.8,110,92,120,115,80,115,138,2
,Zacian-Crowned,Fairy,Steel,Intrepid Sword,,,2.8,355,92,150,115,80,115,148,2
889,Zamazenta,Fighting,,Dauntless Shield,,,2.9,210,92,120,115,80,115,138,2
,Zamazenta-Crowned,Fighting,Steel,Dauntless Shield,,,2.9,785,92,120,140,80,140,128,2
890,Eternatus,Poison,Dragon,Pressure,,,20,950,140,85,95,145,95,130,2
891,Kubfu,Fighting,,Inner Focus,,,0.6,12,60,90,60,53,50,72,
892,Urshifu-Single-Strike,Fighting,Dark,Unseen Fist,,,1.9,105,100,130,100,63,60,97,
,Urshifu-Rapid-Strike,Fighting,Water,Unseen Fist,,,1.9,105,100,130,100,63,60,97,
893,Zarude,Dark,Grass,Leaf Guard,,,1.8,70,105,120,105,70,95,105,2
894,Regieleki,Electric,,Transistor,,,1.2,145,80,100,50,100,50,200,2
895,Regidrago,Dragon,,Dragon's Maw,,,2.1,200,200,100,50,100,50,80,2
896,Glastrier,Ice,,Chilling Neigh,,,2.2,800,100,145,130,65,110,30,2
897,Spectrier,Ghost,,Grim Neigh,,,2,44.5,100,65,60,145,80,130,2
898,Calyrex,Psychic,Grass,Unnerve,,,1.1,7.7,100,80,80,80,80,80,2
,Calyrex-Ice-Rider,Psychic,Ice,As One,,,2.4,809.1,100,165,150,85,130,50,2
,Calyrex-Shadow-Rider,Psychic,Ghost,As One,,,2.4,53.6,100,85,85,165,100,150,2
899,Wyrdeer,Normal,Psychic,Intimidate,Frisk,Sap Sipper,1.8,95.1,103,105,72,105,75,65,
900,Kleavor,Bug,Rock,Swarm,Sheer Force,Sharpness,1.8,89,70,135,95,45,70,85,
901,Ursaluna,Ground,Normal,Guts,Bulletproof,Unnerve,2.4,290,130,140,105,45,80,50,
,Ursaluna-Bloodmoon,Ground,Normal,Mind's Eye,,,2.7,333,113,70,120,135,65,52,
902,Basculegion-Male,Water,Ghost,Swift Swim,Adaptability,Mold Breaker,3,110,120,112,65,80,75,78,1
,Basculegion-Female,Water,Ghost,Swift Swim,Adaptability,Mold Breaker,3,110,120,92,65,100,75,78,0
903,Sneasler,Fighting,Poison,Pressure,Unburden,Poison Touch,1.3,43,80,130,60,40,80,120,
904,Overqwil,Dark,Poison,Poison Point,Swift Swim,Intimidate,2.5,60.5,85,115,95,65,65,85,
905,Enamorus,Fairy,Flying,Cute Charm,,Contrary,1.6,48,74,115,70,135,80,106,0
,Enamorus-Therian,Fairy,Flying,Overcoat,,,1.6,48,74,115,110,135,100,46,0
906,Sprigatito,Grass,,Overgrow,,Protean,0.4,4.1,40,61,54,45,45,65,
907,Floragato,Grass,,Overgrow,,Protean,0.9,12.2,61,80,63,60,63,83,
908,Meowscarada,Grass,Dark,Overgrow,,Protean,1.5,31.2,76,110,70,81,70,123,
909,Fuecoco,Fire,,Blaze,,Unaware,0.4,9.8,67,45,59,63,40,36,
910,Crocalor,Fire,,Blaze,,Unaware,1,30.7,81,55,78,90,58,49,
911,Skeledirge,Fire,Ghost,Blaze,,Unaware,1.6,326.5,104,75,100,110,75,66,
912,Quaxly,Water,,Torrent,,Moxie,0.5,6.1,55,65,45,50,45,50,
913,Quaxwell,Water,,Torrent,,Moxie,1.2,21.5,70,85,65,65,60,65,
914,Quaquaval,Water,Fighting,Torrent,,Moxie,1.8,61.9,85,120,80,85,75,85,
915,Lechonk,Normal,,Aroma Veil,Gluttony,Thick Fat,0.5,10.2,54,45,40,35,45,35,
916,Oinkologne-Male,Normal,,Lingering Aroma,Gluttony,Thick Fat,1,120,110,100,75,59,80,65,1
,Oinkologne-Female,Normal,,Aroma Veil,Gluttony,Thick Fat,1,120,115,90,70,59,90,65,0
917,Tarountula,Bug,,Insomnia,,Stakeout,0.3,4,35,41,45,29,40,20,
918,Spidops,Bug,,Insomnia,,Stakeout,1,16.5,60,79,92,52,86,35,
919,Nymble,Bug,,Swarm,,Tinted Lens,0.2,1,33,46,40,21,25,45,
920,Lokix,Bug,Dark,Swarm,,Tinted Lens,1,17.5,71,102,78,52,55,92,
921,Pawmi,Electric,,Static,Natural Cure,Iron Fist,0.3,2.5,45,50,20,40,25,60,
922,Pawmo,Electric,Fighting,Volt Absorb,Natural Cure,Iron Fist,0.4,6.5,60,75,40,50,40,85,
923,Pawmot,Electric,Fighting,Volt Absorb,Natural Cure,Iron Fist,0.9,41,70,115,70,70,60,105,
924,Tandemaus,Normal,,Run Away,Pickup,Own Tempo,0.3,1.8,50,50,45,40,45,75,2
925,Maushold-Three,Normal,,Friend Guard,Cheek Pouch,Technician,0.3,2.3,74,75,70,65,75,111,2
,Maushold-Four,Normal,,Friend Guard,Cheek Pouch,Technician,0.3,2.8,74,75,70,65,75,111,
926,Fidough,Fairy,,Own Tempo,,Klutz,0.3,10.9,37,55,70,30,55,65,
927,Dachsbun,Fairy,,Well-Baked Body,,Aroma Veil,0.5,14.9,57,80,115,50,80,95,
928,Smoliv,Grass,Normal,Early Bird,,Harvest,0.3,6.5,41,35,45,58,51,30,
929,Dolliv,Grass,Normal,Early Bird,,Harvest,0.6,11.9,52,53,60,78,78,33,
930,Arboliva,Grass,Normal,Seed Sower,,Harvest,1.4,48.2,78,69,90,125,109,39,
931,Squawkabilly-Green,Normal,Flying,Intimidate,Hustle,Guts,0.6,2.4,82,96,51,45,51,92,
,Squawkabilly-Blue,Normal,Flying,Intimidate,Hustle,Guts,0.6,2.4,82,96,51,45,51,92,
,Squawkabilly-Yellow,Normal,Flying,Intimidate,Hustle,Sheer Force,0.6,2.4,82,96,51,45,51,92,
,Squawkabilly-White,Normal,Flying,Intimidate,Hustle,Sheer Force,0.6,2.4,82,96,51,45,51,92,
932,Nacli,Rock,,Purifying Salt,Sturdy,Clear Body,0.4,16,55,55,75,35,35,25,
933,Naclstack,Rock,,Purifying Salt,Sturdy,Clear Body,0.6,105,60,60,100,35,65,35,
934,Garganacl,Rock,,Purifying Salt,Sturdy,Clear Body,2.3,240,100,100,130,45,90,35,
935,Charcadet,Fire,,Flash Fire,,Flame Body,0.6,10.5,40,50,40,50,40,35,
936,Armarouge,Fire,Psychic,Flash Fire,,Weak Armor,1.5,85,85,60,100,125,80,75,
937,Ceruledge,Fire,Ghost,Flash Fire,,Weak Armor,1.6,62,75,125,80,60,100,85,
938,Tadbulb,Electric,,Own Tempo,Static,Damp,0.3,0.4,61,31,41,59,35,45,
939,Bellibolt,Electric,,Electromorphosis,Static,Damp,1.2,113,109,64,91,103,83,45,
940,Wattrel,Electric,Flying,Wind Power,Volt Absorb,Competitive,0.4,3.6,40,40,35,55,40,70,
941,Kilowattrel,Electric,Flying,Wind Power,Volt Absorb,Competitive,1.4,38.6,70,70,60,105,60,125,
942,Maschiff,Dark,,Intimidate,Run Away,Stakeout,0.5,16,60,78,60,40,51,51,
943,Mabosstif,Dark,,Intimidate,Guard Dog,Stakeout,1.1,61,80,120,90,60,70,85,
944,Shroodle,Poison,Normal,Unburden,Pickpocket,Prankster,0.2,0.7,40,65,35,40,35,75,
945,Grafaiai,Poison,Normal,Unburden,Poison Touch,Prankster,0.7,27.2,63,95,65,80,72,110,
946,Bramblin,Grass,Ghost,Wind Rider,,Infiltrator,0.6,0.6,40,65,30,45,35,60,
947,Brambleghast,Grass,Ghost,Wind Rider,,Infiltrator,1.2,6,55,115,70,80,70,90,
948,Toedscool,Ground,Grass,Mycelium Might,,,0.9,33,40,40,35,50,100,70,
949,Toedscruel,Ground,Grass,Mycelium Might,,,1.9,58,80,70,65,80,120,100,
950,Klawf,Rock,,Anger Shell,Shell Armor,Regenerator,1.3,79,70,100,115,35,55,75,
951,Capsakid,Grass,,Chlorophyll,Insomnia,Klutz,0.3,3,50,62,40,62,40,50,
952,Scovillain,Grass,Fire,Chlorophyll,Insomnia,Moody,0.9,15,65,108,65,108,65,75,
953,Rellor,Bug,,Compound Eyes,,Shed Skin,0.2,1,41,50,60,31,58,30,
954,Rabsca,Bug,Psychic,Synchronize,,Telepathy,0.3,3.5,75,50,85,115,100,45,
955,Flittle,Psychic,,Anticipation,Frisk,Speed Boost,0.2,1.5,30,35,30,55,30,75,
956,Espathra,Psychic,,Opportunist,Frisk,Speed Boost,1.9,90,95,60,60,101,60,105,
957,Tinkatink,Fairy,Steel,Mold Breaker,Own Tempo,Pickpocket,0.4,8.9,50,45,45,35,64,58,0
958,Tinkatuff,Fairy,Steel,Mold Breaker,Own Tempo,Pickpocket,0.7,59.1,65,55,55,45,82,78,0
959,Tinkaton,Fairy,Steel,Mold Breaker,Own Tempo,Pickpocket,0.7,112.8,85,75,77,70,105,94,0
960,Wiglett,Water,,Gooey,Rattled,Sand Veil,1.2,1.8,10,55,25,35,25,95,
961,Wugtrio,Water,,Gooey,Rattled,Sand Veil,1.2,5.4,35,100,50,50,70,120,
962,Bombirdier,Flying,Dark,Big Pecks,Keen Eye,Rocky Payload,1.5,42.9,70,103,85,60,85,82,
963,Finizen,Water,,Water Veil,,,1.3,60.2,70,45,40,45,40,75,
964,Palafin-Zero,Water,,Zero to Hero,,,1.3,60.2,100,70,72,53,62,100,
,Palafin-Hero,Water,,Zero to Hero,,,1.8,97.4,100,160,97,106,87,100,
965,Varoom,Steel,Poison,Overcoat,,Slow Start,1,35,45,70,63,30,45,47,
966,Revavroom,Steel,Poison,Overcoat,,Filter,1.8,120,80,119,90,54,67,90,
967,Cyclizar,Dragon,Normal,Shed Skin,,Regenerator,1.6,63,70,95,65,85,65,121,
968,Orthworm,Steel,,Earth Eater,,Sand Veil,2.5,310,70,85,145,60,55,65,
969,Glimmet,Rock,Poison,Toxic Debris,,Corrosion,0.7,8,48,35,42,105,60,60,
970,Glimmora,Rock,Poison,Toxic Debris,,Corrosion,1.5,45,83,55,90,130,81,86,
971,Greavard,Ghost,,Pickup,,Fluffy,0.6,35,50,61,60,30,55,34,
972,Houndstone,Ghost,,Sand Rush,,Fluffy,2,15,72,101,100,50,97,68,
973,Flamigo,Flying,Fighting,Scrappy,Tangled Feet,Costar,1.6,37,82,115,74,75,64,90,
974,Cetoddle,Ice,,Thick Fat,Snow Cloak,Sheer Force,1.2,45,108,68,45,30,40,43,
975,Cetitan,Ice,,Thick Fat,Slush Rush,Sheer Force,4.5,700,170,113,65,45,55,73,
976,Veluza,Water,Psychic,Mold Breaker,,Sharpness,2.5,90,90,102,73,778,65,70,
977,Dondozo,Water,,Unaware,Oblivious,Water Veil,12,220,150,100,115,65,65,35,
978,Tatsugiri-Curly,Dragon,Water,Commander,,Storm Drain,0.3,8,68,50,60,120,95,82,
,Tatsugiri-Droopy,Dragon,Water,Commander,,Storm Drain,0.3,8,68,50,60,120,95,82,
,Tatsugiri-Stretchy,Dragon,Water,Commander,,Storm Drain,0.3,8,68,50,60,120,95,82,
979,Annihilape,Fighting,Ghost,Vital Spirit,Inner Focus,Defiant,1.2,56,110,115,80,50,90,90,
980,Clodsire,Poison,Ground,Poison Point,Water Absorb,Unaware,1.8,223,130,75,60,45,100,20,
981,Farigiraf,Normal,Psychic,Cud Chew,Armor Tail,Sap Sipper,3.2,160,120,90,70,110,70,60,
982,Dudunsparce-Two,Normal,,Serene Grace,Run Away,Rattled,3.6,39.2,125,100,80,85,75,55,
,Dudunsparce-Three,Normal,,Serene Grace,Run Away,Rattled,4.5,47.4,125,100,80,85,75,55,
983,Kingambit,Dark,Steel,Defiant,Supreme Overlord,Pressure,2,120,100,135,120,60,85,50,
984,Great Tusk,Ground,Fighting,Protosynthesis,,,2.2,320,115,131,131,53,53,87,2
985,Scream Tail,Fairy,Psychic,Protosynthesis,,,1.2,8,115,65,99,65,115,111,2
986,Brute Bonnet,Grass,Dark,Protosynthesis,,,1.2,21,111,127,99,79,99,55,2
987,Flutter Mane,Ghost,Fairy,Protosynthesis,,,1.4,4,55,55,55,135,135,135,2
988,Slither Wing,Bug,Fighting,Protosynthesis,,,3.2,92,85,135,79,85,105,81,2
989,Sandy Shocks,Electric,Ground,Protosynthesis,,,2.3,60,85,81,97,121,85,101,2
990,Iron Treads,Ground,Steel,Quark Drive,,,0.9,240,90,112,120,72,70,106,2
991,Iron Bundle,Ice,Water,Quark Drive,,,0.6,11,56,80,114,124,60,136,2
992,Iron Hands,Fighting,Electric,Quark Drive,,,1.8,380.7,154,140,108,50,68,50,2
993,Iron Jugulis,Dark,Flying,Quark Drive,,,1.3,111,94,80,86,122,80,108,2
994,Iron Moth,Fire,Poison,Quark Drive,,,1.2,36,80,70,60,140,110,110,2
995,Iron Thorns,Rock,Electric,Quark Drive,,,1.6,303,100,134,110,70,84,72,2
996,Frigibax,Dragon,Ice,Thermal Exchange,,Ice Body,0.5,17,65,75,45,35,45,55,
997,Arctibax,Dragon,Ice,Thermal Exchange,,Ice Body,0.8,30,90,95,66,45,65,62,
998,Baxcalibur,Dragon,Ice,Thermal Exchange,,Ice Body,2.1,210,115,145,92,75,86,87,
999,Gimmighoul-Chest,Ghost,,Rattled,,,0.3,5,45,30,70,75,70,10,2
,Gimmighoul-Roaming,Ghost,,Run Away,,,0.1,0.1,45,30,25,75,45,80,2
1000,Gholdengo,Steel,Ghost,Good as Gold,,,1.2,30,87,60,95,133,91,84,2
1001,Wo-Chien,Dark,Grass,Tablets of Ruin,,,1.5,74.2,85,85,100,95,135,70,2
1002,Chien-Pao,Dark,Ice,Sword of Ruin,,,1.9,152.2,80,120,80,90,65,135,2
1003,Ting-Lu,Dark,Ground,Vessel of Ruin,,,2.7,699.7,155,110,125,55,80,45,2
1004,Chi-Yu,Dark,Fire,Beads of Ruin,,,0.4,4.9,55,80,80,135,120,100,2
1005,Roaring Moon,Dragon,Dark,Protosynthesis,,,2,380,105,139,71,55,101,119,2
1006,Iron Valiant,Fairy,Fighting,Quark Drive,,,1.4,35,74,130,90,120,60,116,2
1007,Koraidon,Fighting,Dragon,Orichalcum Pulse,,,2.5,303,100,135,115,85,100,135,2
1008,Miraidon,Electric,Dragon,Hadron Engine,,,3.5,240,100,85,100,135,115,135,2
1009,Walking Wake,Water,Dragon,Protosynthesis,,,3.5,280,99,83,91,125,83,109,2
1010,Iron Leaves,Grass,Psychic,Quark Drive,,,1.5,125,90,130,88,70,108,104,2
1011,Dipplin,Grass,Dragon,Supersweet Syrup,Gluttony,Sticky Hold,0.4,4.4,80,80,110,95,80,40,
1012,Poltchageist,Grass,Ghost,Hospitality,,Heatproof,0.1,1.1,40,45,45,74,54,50,2
1013,Sinistcha,Grass,Ghost,Hospitality,,Heatproof,0.2,2.2,71,60,106,121,80,70,2
1014,Okidogi,Poison,Fighting,Toxic Chain,,Guard Dog,1.8,92,88,128,115,58,86,80,1
1015,Munkidori,Poison,Psychic,Toxic Chain,,Frisk,1,12.2,88,75,66,130,90,106,1
1016,Fezandipiti,Poison,Fairy,Toxic Chain,,Technician,1.4,30.1,88,91,82,70,125,99,1
1017,Ogerpon-Teal,Grass,,Defiant,,Embody Aspect,1.2,39.8,80,120,84,60,96,110,0
,Ogerpon-Wellspring,Grass,Water,Water Absorb,,Embody Aspect,1.2,39.8,80,120,84,60,96,110,0
,Ogerpon-Hearthflame,Grass,Fire,Mold Breaker,,Embody Aspect,1.2,39.8,80,120,84,60,96,110,0
,Ogerpon-Cornerstone,Grass,Rock,Sturdy,,Embody Aspect,1.2,39.8,80,120,84,60,96,110,0
1018,Archaludon,Steel,Dragon,Stamina,Sturdy,Stalwart,2,60,90,105,130,125,65,85,
1019,Hydrapple,Grass,Dragon,Supersweet Syrup,Regenerator,Sticky Hold,1.8,93,106,80,110,120,80,44,
1020,Gouging Fire,Fire,Dragon,Protosynthesis,,,3.5,590,105,115,121,65,93,91,2
1021,Raging Bolt,Electric,Dragon,Protosynthesis,,,5.2,480,125,73,91,137,89,75,2
1022,Iron Boulder,Rock,Psychic,Quark Drive,,,1.5,162.5,90,120,80,68,108,124,2
1023,Iron Crown,Steel,Psychic,Quark Drive,,,1.6,156,90,72,100,122,108,98,2
1024,Terapagos,Normal,,Tera Shift,,,0.2,6.5,90,65,85,65,85,60,
,Terapagos-Terastal,Normal,,Tera Shell,,,0.3,16,95,95,110,105,110,85,
,Terapagos-Stellar,Normal,,Teraform Zero,,,1.7,77,160,105,110,130,110,85,
1025,Pecharunt,Poison,Ghost,Poison Puppeteer,,,0.3,0.3,88,88,160,88,88,88,2